-- MySQL dump 10.17  Distrib 10.3.17-MariaDB, for debian-linux-gnueabihf (armv7l)
--
-- Host: localhost    Database: electroterra
-- ------------------------------------------------------
-- Server version	10.3.17-MariaDB-0+deb10u1

/*!40101 SET @OLD_CHARACTER_SET_CLIENT=@@CHARACTER_SET_CLIENT */;
/*!40101 SET @OLD_CHARACTER_SET_RESULTS=@@CHARACTER_SET_RESULTS */;
/*!40101 SET @OLD_COLLATION_CONNECTION=@@COLLATION_CONNECTION */;
/*!40101 SET NAMES utf8mb4 */;
/*!40103 SET @OLD_TIME_ZONE=@@TIME_ZONE */;
/*!40103 SET TIME_ZONE='+00:00' */;
/*!40014 SET @OLD_UNIQUE_CHECKS=@@UNIQUE_CHECKS, UNIQUE_CHECKS=0 */;
/*!40014 SET @OLD_FOREIGN_KEY_CHECKS=@@FOREIGN_KEY_CHECKS, FOREIGN_KEY_CHECKS=0 */;
/*!40101 SET @OLD_SQL_MODE=@@SQL_MODE, SQL_MODE='NO_AUTO_VALUE_ON_ZERO' */;
/*!40111 SET @OLD_SQL_NOTES=@@SQL_NOTES, SQL_NOTES=0 */;

--
-- Table structure for table `actuators`
--

DROP TABLE IF EXISTS `actuators`;
/*!40101 SET @saved_cs_client     = @@character_set_client */;
/*!40101 SET character_set_client = utf8 */;
CREATE TABLE `actuators` (
  `actuatorID` int(11) NOT NULL AUTO_INCREMENT,
  `name` varchar(45) NOT NULL,
  `beschrijving` varchar(200) DEFAULT NULL,
  `statusactuators` varchar(55) NOT NULL,
  PRIMARY KEY (`actuatorID`),
  UNIQUE KEY `actuatorID_UNIQUE` (`actuatorID`)
) ENGINE=InnoDB AUTO_INCREMENT=103 DEFAULT CHARSET=utf8;
/*!40101 SET character_set_client = @saved_cs_client */;

--
-- Dumping data for table `actuators`
--

LOCK TABLES `actuators` WRITE;
/*!40000 ALTER TABLE `actuators` DISABLE KEYS */;
INSERT INTO `actuators` VALUES (101,'ventilator','ventilator aangestuurd met tip120','0'),(102,'LEDstrip','led strip + led strip driver','u');
/*!40000 ALTER TABLE `actuators` ENABLE KEYS */;
UNLOCK TABLES;

--
-- Table structure for table `inlezingen`
--

DROP TABLE IF EXISTS `inlezingen`;
/*!40101 SET @saved_cs_client     = @@character_set_client */;
/*!40101 SET character_set_client = utf8 */;
CREATE TABLE `inlezingen` (
  `inlezingID` int(11) NOT NULL AUTO_INCREMENT,
  `sensorID` int(11) NOT NULL,
  `actuatorID` int(11) DEFAULT NULL,
  `time` datetime NOT NULL,
  `waarde` float NOT NULL,
  PRIMARY KEY (`inlezingID`),
  UNIQUE KEY `inlezingID_UNIQUE` (`inlezingID`),
  KEY `fk_inlezing_sensors_idx` (`sensorID`),
  KEY `fk_inlezingen_actuators1_idx` (`actuatorID`),
  CONSTRAINT `fk_inlezing_sensors` FOREIGN KEY (`sensorID`) REFERENCES `sensors` (`sensorID`) ON DELETE NO ACTION ON UPDATE NO ACTION,
  CONSTRAINT `fk_inlezingen_actuators1` FOREIGN KEY (`actuatorID`) REFERENCES `actuators` (`actuatorID`) ON DELETE NO ACTION ON UPDATE NO ACTION
) ENGINE=InnoDB AUTO_INCREMENT=1550 DEFAULT CHARSET=utf8;
/*!40101 SET character_set_client = @saved_cs_client */;

--
-- Dumping data for table `inlezingen`
--

LOCK TABLES `inlezingen` WRITE;
/*!40000 ALTER TABLE `inlezingen` DISABLE KEYS */;
INSERT INTO `inlezingen` VALUES (3,101,NULL,'2020-06-03 18:23:20',53.2),(4,102,NULL,'2020-06-03 18:23:21',25.5),(5,101,NULL,'2020-06-03 18:24:22',53.6),(6,102,NULL,'2020-06-03 18:24:23',25.5),(7,101,NULL,'2020-06-03 18:25:23',49.4),(8,102,NULL,'2020-06-03 18:25:24',25.5),(9,101,NULL,'2020-06-03 18:28:14',48.3),(10,102,NULL,'2020-06-03 18:28:15',25.5),(11,101,NULL,'2020-06-03 18:28:25',48.9),(12,102,NULL,'2020-06-03 18:28:27',25.5),(13,101,NULL,'2020-06-03 18:28:37',46.7),(14,102,NULL,'2020-06-03 18:28:38',25.5),(15,101,NULL,'2020-06-03 18:28:48',49.7),(16,102,NULL,'2020-06-03 18:28:49',25.5),(17,101,NULL,'2020-06-03 18:29:00',53.6),(18,102,NULL,'2020-06-03 18:29:01',25.5),(19,101,NULL,'2020-06-03 18:29:11',53),(20,102,NULL,'2020-06-03 18:29:12',25.5),(21,101,NULL,'2020-06-03 18:29:23',48.9),(22,102,NULL,'2020-06-03 18:29:24',25.5),(23,101,NULL,'2020-06-03 18:29:34',48.9),(24,102,NULL,'2020-06-03 18:29:35',25.5),(25,101,NULL,'2020-06-03 18:29:46',47.4),(26,102,NULL,'2020-06-03 18:29:47',25.5),(27,101,NULL,'2020-06-03 18:29:57',49.6),(28,102,NULL,'2020-06-03 18:29:58',25.5),(29,101,NULL,'2020-06-03 18:30:08',53.5),(30,102,NULL,'2020-06-03 18:30:10',25.5),(31,101,NULL,'2020-06-03 18:30:20',51.5),(32,102,NULL,'2020-06-03 18:30:21',25.5),(33,101,NULL,'2020-06-03 18:30:31',52.4),(34,102,NULL,'2020-06-03 18:30:33',25.5),(35,101,NULL,'2020-06-04 09:58:15',54.1),(36,102,NULL,'2020-06-04 09:58:16',24.812),(37,101,NULL,'2020-06-04 09:59:16',59.1),(38,102,NULL,'2020-06-04 09:59:17',24.812),(39,101,NULL,'2020-06-04 10:00:18',57.5),(40,102,NULL,'2020-06-04 10:00:19',24.812),(41,101,NULL,'2020-06-04 10:01:19',60.1),(42,102,NULL,'2020-06-04 10:01:20',24.812),(43,101,NULL,'2020-06-04 10:02:20',54.8),(44,102,NULL,'2020-06-04 10:02:22',24.812),(45,101,NULL,'2020-06-04 10:03:22',55.7),(46,102,NULL,'2020-06-04 10:03:23',24.812),(47,101,NULL,'2020-06-04 10:04:23',61.2),(48,102,NULL,'2020-06-04 10:04:25',24.812),(49,101,NULL,'2020-06-04 10:05:25',57.7),(50,102,NULL,'2020-06-04 10:05:26',24.812),(51,101,NULL,'2020-06-04 10:06:26',56.7),(52,102,NULL,'2020-06-04 10:06:28',24.812),(53,101,NULL,'2020-06-04 10:07:28',61.1),(54,102,NULL,'2020-06-04 10:07:29',24.812),(55,101,NULL,'2020-06-04 10:08:29',57.1),(56,102,NULL,'2020-06-04 10:08:30',24.812),(57,101,NULL,'2020-06-04 10:09:31',58.8),(58,102,NULL,'2020-06-04 10:09:32',24.812),(59,101,NULL,'2020-06-04 10:10:32',59.6),(60,102,NULL,'2020-06-04 10:10:33',24.812),(61,101,NULL,'2020-06-04 10:11:34',60.1),(62,102,NULL,'2020-06-04 10:11:35',24.812),(63,101,NULL,'2020-06-04 10:12:35',53.7),(64,102,NULL,'2020-06-04 10:12:36',24.812),(65,101,NULL,'2020-06-04 10:13:37',59.3),(66,102,NULL,'2020-06-04 10:13:38',24.812),(67,101,NULL,'2020-06-04 10:14:38',59.9),(68,102,NULL,'2020-06-04 10:14:39',24.812),(69,101,NULL,'2020-06-04 10:15:40',60.2),(70,102,NULL,'2020-06-04 10:15:41',24.875),(71,101,NULL,'2020-06-04 10:16:41',59.5),(72,102,NULL,'2020-06-04 10:16:42',24.875),(73,101,NULL,'2020-06-05 17:16:45',58.6),(74,102,NULL,'2020-06-05 17:16:46',22.562),(75,103,NULL,'2020-06-05 17:16:46',53.5),(76,101,NULL,'2020-06-05 17:17:46',61.6),(77,102,NULL,'2020-06-05 17:17:47',22.562),(78,103,NULL,'2020-06-05 17:17:48',53.6),(79,101,NULL,'2020-06-05 17:18:48',59),(80,102,NULL,'2020-06-05 17:18:49',22.625),(81,103,NULL,'2020-06-05 17:18:50',53.9),(82,101,NULL,'2020-06-05 17:19:50',61.1),(83,102,NULL,'2020-06-05 17:19:51',22.625),(84,103,NULL,'2020-06-05 17:19:51',53.6),(85,101,NULL,'2020-06-05 17:20:52',61.1),(86,102,NULL,'2020-06-05 17:20:53',22.562),(87,103,NULL,'2020-06-05 17:20:53',53.6),(88,101,NULL,'2020-06-07 15:04:13',53.2),(89,102,NULL,'2020-06-07 15:04:14',21),(90,103,NULL,'2020-06-07 15:04:14',54.4),(91,101,NULL,'2020-06-07 15:05:14',50.3),(92,102,NULL,'2020-06-07 15:05:15',21),(93,103,NULL,'2020-06-07 15:05:16',51.6),(94,101,NULL,'2020-06-07 15:05:42',47.2),(95,102,NULL,'2020-06-07 15:05:44',21),(96,103,NULL,'2020-06-07 15:05:44',51.5),(97,101,NULL,'2020-06-07 15:51:08',55.1),(98,102,NULL,'2020-06-07 15:51:09',21.125),(99,103,NULL,'2020-06-07 15:51:10',51.4),(100,101,NULL,'2020-06-07 16:15:30',47.1),(101,102,NULL,'2020-06-07 16:15:31',21.25),(102,103,NULL,'2020-06-07 16:15:32',48.4),(103,101,NULL,'2020-06-07 16:56:04',52.8),(104,102,NULL,'2020-06-07 16:56:05',21.375),(105,103,NULL,'2020-06-07 16:56:05',49.6),(106,101,NULL,'2020-06-08 10:36:48',68.9),(107,102,NULL,'2020-06-08 10:36:49',20.625),(108,103,NULL,'2020-06-08 10:36:49',58.1),(109,101,NULL,'2020-06-08 15:24:19',55.6),(110,102,NULL,'2020-06-08 15:24:21',21.812),(111,103,NULL,'2020-06-08 15:24:21',56.5),(112,101,NULL,'2020-06-08 15:32:51',54.3),(113,102,NULL,'2020-06-08 15:32:52',21.812),(114,103,NULL,'2020-06-08 15:32:52',57.5),(115,101,NULL,'2020-06-08 15:37:27',54.1),(116,102,NULL,'2020-06-08 15:37:28',21.812),(117,103,NULL,'2020-06-08 15:37:29',56.5),(118,101,NULL,'2020-06-08 15:50:58',52),(119,102,NULL,'2020-06-08 15:50:59',21.687),(120,103,NULL,'2020-06-08 15:51:00',56.8),(121,101,NULL,'2020-06-08 15:52:00',52.2),(122,102,NULL,'2020-06-08 15:52:01',21.687),(123,103,NULL,'2020-06-08 15:52:02',54.1),(124,101,NULL,'2020-06-08 15:53:02',52.8),(125,102,NULL,'2020-06-08 15:53:03',21.625),(126,103,NULL,'2020-06-08 15:53:03',54.1),(127,101,NULL,'2020-06-08 15:54:04',53.4),(128,102,NULL,'2020-06-08 15:54:05',21.625),(129,103,NULL,'2020-06-08 15:54:05',54.2),(130,101,NULL,'2020-06-08 15:55:05',53.7),(131,102,NULL,'2020-06-08 15:55:07',21.625),(132,103,NULL,'2020-06-08 15:55:07',54),(133,101,NULL,'2020-06-08 15:55:40',53.1),(134,102,NULL,'2020-06-08 15:55:41',21.562),(135,103,NULL,'2020-06-08 15:55:41',54.1),(136,101,NULL,'2020-06-08 15:56:25',52.3),(137,102,NULL,'2020-06-08 15:56:26',21.562),(138,103,NULL,'2020-06-08 15:56:26',54.2),(139,101,NULL,'2020-06-08 15:57:02',52.5),(140,102,NULL,'2020-06-08 15:57:03',21.562),(141,103,NULL,'2020-06-08 15:57:03',54.2),(142,101,NULL,'2020-06-08 16:01:37',53),(143,102,NULL,'2020-06-08 16:01:38',21.437),(144,103,NULL,'2020-06-08 16:01:38',54.2),(145,101,NULL,'2020-06-08 16:02:39',53.3),(146,102,NULL,'2020-06-08 16:02:40',21.437),(147,103,NULL,'2020-06-08 16:02:40',54.3),(148,101,NULL,'2020-06-08 16:03:41',54.6),(149,102,NULL,'2020-06-08 16:03:42',21.437),(150,103,NULL,'2020-06-08 16:03:42',54.4),(151,101,NULL,'2020-06-08 16:04:42',54.3),(152,102,NULL,'2020-06-08 16:04:43',21.437),(153,103,NULL,'2020-06-08 16:04:44',54.3),(154,101,NULL,'2020-06-08 16:05:44',52.7),(155,102,NULL,'2020-06-08 16:05:45',21.375),(156,103,NULL,'2020-06-08 16:05:45',54.4),(157,101,NULL,'2020-06-08 16:06:46',53.3),(158,102,NULL,'2020-06-08 16:06:47',21.375),(159,103,NULL,'2020-06-08 16:06:47',54.3),(160,101,NULL,'2020-06-08 16:07:47',53.2),(161,102,NULL,'2020-06-08 16:07:49',21.375),(162,103,NULL,'2020-06-08 16:07:49',54.4),(163,101,NULL,'2020-06-08 16:08:49',53.7),(164,102,NULL,'2020-06-08 16:08:50',21.312),(165,103,NULL,'2020-06-08 16:08:51',54.4),(166,101,NULL,'2020-06-08 16:09:51',54.1),(167,102,NULL,'2020-06-08 16:09:52',21.312),(168,103,NULL,'2020-06-08 16:09:52',54.5),(169,101,NULL,'2020-06-08 16:10:53',53.7),(170,102,NULL,'2020-06-08 16:10:54',21.312),(171,103,NULL,'2020-06-08 16:10:54',54.4),(172,101,NULL,'2020-06-08 16:11:55',53.7),(173,102,NULL,'2020-06-08 16:11:56',21.312),(174,103,NULL,'2020-06-08 16:11:56',54.5),(175,101,NULL,'2020-06-08 16:12:56',54.3),(176,102,NULL,'2020-06-08 16:12:57',21.312),(177,103,NULL,'2020-06-08 16:12:58',54.5),(178,101,NULL,'2020-06-08 16:13:58',54.5),(179,102,NULL,'2020-06-08 16:13:59',21.25),(180,103,NULL,'2020-06-08 16:13:59',54.5),(181,101,NULL,'2020-06-08 16:15:00',54.3),(182,102,NULL,'2020-06-08 16:15:01',21.25),(183,103,NULL,'2020-06-08 16:15:01',54.5),(184,101,NULL,'2020-06-08 16:16:02',53.8),(185,102,NULL,'2020-06-08 16:16:03',21.25),(186,103,NULL,'2020-06-08 16:16:03',54.6),(187,101,NULL,'2020-06-08 16:17:03',54.8),(188,102,NULL,'2020-06-08 16:17:04',21.25),(189,103,NULL,'2020-06-08 16:17:05',54.5),(190,101,NULL,'2020-06-08 16:28:25',53.4),(191,102,NULL,'2020-06-08 16:28:26',21.125),(192,103,NULL,'2020-06-08 16:28:27',54.5),(193,101,NULL,'2020-06-08 16:29:27',53.2),(194,102,NULL,'2020-06-08 16:29:28',21.125),(195,103,NULL,'2020-06-08 16:29:28',54.6),(196,101,NULL,'2020-06-08 16:30:29',53),(197,102,NULL,'2020-06-08 16:30:30',21.125),(198,103,NULL,'2020-06-08 16:30:30',54.6),(199,101,NULL,'2020-06-08 16:31:30',53.3),(200,102,NULL,'2020-06-08 16:31:32',21.125),(201,103,NULL,'2020-06-08 16:31:32',54.5),(202,101,NULL,'2020-06-08 16:32:32',52.6),(203,102,NULL,'2020-06-08 16:32:33',21.125),(204,103,NULL,'2020-06-08 16:32:34',54.5),(205,101,NULL,'2020-06-08 16:33:34',52.9),(206,102,NULL,'2020-06-08 16:33:35',21.125),(207,103,NULL,'2020-06-08 16:33:35',54.4),(208,101,NULL,'2020-06-08 16:34:36',53.4),(209,102,NULL,'2020-06-08 16:34:37',21.125),(210,103,NULL,'2020-06-08 16:34:37',54.3),(211,101,NULL,'2020-06-08 16:35:37',53.4),(212,102,NULL,'2020-06-08 16:35:39',21.062),(213,103,NULL,'2020-06-08 16:35:39',54.3),(214,101,NULL,'2020-06-08 16:36:39',52.8),(215,102,NULL,'2020-06-08 16:36:40',21.062),(216,103,NULL,'2020-06-08 16:36:41',54.3),(217,101,NULL,'2020-06-08 16:37:41',52.5),(218,102,NULL,'2020-06-08 16:37:42',21.062),(219,103,NULL,'2020-06-08 16:37:43',54.2),(220,101,NULL,'2020-06-08 16:38:43',52.6),(221,102,NULL,'2020-06-08 16:38:44',21.062),(222,103,NULL,'2020-06-08 16:38:44',54.2),(223,101,NULL,'2020-06-08 16:39:45',52.1),(224,102,NULL,'2020-06-08 16:39:46',21.062),(225,103,NULL,'2020-06-08 16:39:46',54.1),(226,101,NULL,'2020-06-08 16:40:47',51.4),(227,102,NULL,'2020-06-08 16:40:48',21.062),(228,103,NULL,'2020-06-08 16:40:48',54.1),(229,101,NULL,'2020-06-08 16:41:48',50.4),(230,102,NULL,'2020-06-08 16:41:49',21.062),(231,103,NULL,'2020-06-08 16:41:50',54.1),(232,101,NULL,'2020-06-08 16:42:50',50.1),(233,102,NULL,'2020-06-08 16:42:51',21.062),(234,103,NULL,'2020-06-08 16:42:51',54.2),(235,101,NULL,'2020-06-08 16:43:52',50.3),(236,102,NULL,'2020-06-08 16:43:53',21.062),(237,103,NULL,'2020-06-08 16:43:53',54.1),(238,101,NULL,'2020-06-08 16:44:53',50.6),(239,102,NULL,'2020-06-08 16:44:54',21.062),(240,103,NULL,'2020-06-08 16:44:55',54.1),(241,101,NULL,'2020-06-08 16:54:09',51.5),(242,102,NULL,'2020-06-08 16:54:10',21),(243,103,NULL,'2020-06-08 16:54:10',54),(244,101,NULL,'2020-06-08 16:55:11',50.6),(245,102,NULL,'2020-06-08 16:55:12',21),(246,103,NULL,'2020-06-08 16:55:12',53.9),(247,101,NULL,'2020-06-08 17:06:57',50.8),(248,102,NULL,'2020-06-08 17:06:58',20.937),(249,103,NULL,'2020-06-08 17:06:58',53.9),(250,101,NULL,'2020-06-08 17:08:35',51.5),(251,102,NULL,'2020-06-08 17:08:37',20.937),(252,103,NULL,'2020-06-08 17:08:37',53.9),(253,101,NULL,'2020-06-08 17:09:47',51.1),(254,102,NULL,'2020-06-08 17:09:48',20.937),(255,103,NULL,'2020-06-08 17:09:49',53.8),(256,101,NULL,'2020-06-08 17:16:04',51.3),(257,102,NULL,'2020-06-08 17:16:05',20.937),(258,103,NULL,'2020-06-08 17:16:05',53.7),(259,101,NULL,'2020-06-08 17:17:06',50.1),(260,102,NULL,'2020-06-08 17:17:07',20.937),(261,103,NULL,'2020-06-08 17:17:07',53.6),(262,101,NULL,'2020-06-08 17:18:07',49.4),(263,102,NULL,'2020-06-08 17:18:09',20.937),(264,103,NULL,'2020-06-08 17:18:09',53.5),(265,101,NULL,'2020-06-08 17:19:09',48.9),(266,102,NULL,'2020-06-08 17:19:10',20.937),(267,103,NULL,'2020-06-08 17:19:11',53.5),(268,101,NULL,'2020-06-08 17:20:11',48.8),(269,102,NULL,'2020-06-08 17:20:12',20.937),(270,103,NULL,'2020-06-08 17:20:12',53.5),(271,101,NULL,'2020-06-08 17:21:13',49.3),(272,102,NULL,'2020-06-08 17:21:14',20.875),(273,103,NULL,'2020-06-08 17:21:14',53.4),(274,101,NULL,'2020-06-08 17:22:15',49.3),(275,102,NULL,'2020-06-08 17:22:16',20.875),(276,103,NULL,'2020-06-08 17:22:16',53.4),(277,101,NULL,'2020-06-08 17:23:16',49),(278,102,NULL,'2020-06-08 17:23:17',20.875),(279,103,NULL,'2020-06-08 17:23:18',53.4),(280,101,NULL,'2020-06-08 17:24:18',48.4),(281,102,NULL,'2020-06-08 17:24:19',20.875),(282,103,NULL,'2020-06-08 17:24:19',53.4),(283,101,NULL,'2020-06-08 17:25:20',48.6),(284,102,NULL,'2020-06-08 17:25:21',20.875),(285,103,NULL,'2020-06-08 17:25:21',53.4),(286,101,NULL,'2020-06-08 17:26:22',48.8),(287,102,NULL,'2020-06-08 17:26:23',20.875),(288,103,NULL,'2020-06-08 17:26:23',53.4),(289,101,NULL,'2020-06-08 17:27:23',48.7),(290,102,NULL,'2020-06-08 17:27:24',20.875),(291,103,NULL,'2020-06-08 17:27:25',53.5),(292,101,NULL,'2020-06-08 17:28:25',48.7),(293,102,NULL,'2020-06-08 17:28:26',20.875),(294,103,NULL,'2020-06-08 17:28:26',53.5),(295,101,NULL,'2020-06-08 17:29:27',49.3),(296,102,NULL,'2020-06-08 17:29:28',20.875),(297,103,NULL,'2020-06-08 17:29:28',53.6),(298,101,NULL,'2020-06-08 17:30:29',48.6),(299,102,NULL,'2020-06-08 17:30:30',20.875),(300,103,NULL,'2020-06-08 17:30:30',53.5),(301,101,NULL,'2020-06-08 17:31:30',49.2),(302,102,NULL,'2020-06-08 17:31:31',20.875),(303,103,NULL,'2020-06-08 17:31:32',53.6),(304,101,NULL,'2020-06-08 17:32:08',49.3),(305,102,NULL,'2020-06-08 17:32:09',20.875),(306,103,NULL,'2020-06-08 17:32:10',53.6),(307,101,NULL,'2020-06-08 17:33:10',48.7),(308,102,NULL,'2020-06-08 17:33:11',20.875),(309,103,NULL,'2020-06-08 17:33:11',53.5),(310,101,NULL,'2020-06-08 17:34:12',48.4),(311,102,NULL,'2020-06-08 17:34:13',20.875),(312,103,NULL,'2020-06-08 17:34:13',53.5),(313,101,NULL,'2020-06-08 17:35:14',47.9),(314,102,NULL,'2020-06-08 17:35:15',20.875),(315,103,NULL,'2020-06-08 17:35:15',53.4),(316,101,NULL,'2020-06-08 17:36:15',47.5),(317,102,NULL,'2020-06-08 17:36:17',20.875),(318,103,NULL,'2020-06-08 17:36:17',53.3),(319,101,NULL,'2020-06-08 17:37:17',48.1),(320,102,NULL,'2020-06-08 17:37:18',20.875),(321,103,NULL,'2020-06-08 17:37:19',53.3),(322,101,NULL,'2020-06-08 17:38:19',47.9),(323,102,NULL,'2020-06-08 17:38:20',20.875),(324,103,NULL,'2020-06-08 17:38:20',53.3),(325,101,NULL,'2020-06-08 17:39:21',48.2),(326,102,NULL,'2020-06-08 17:39:22',20.875),(327,103,NULL,'2020-06-08 17:39:22',53.3),(328,101,NULL,'2020-06-08 17:40:23',47.9),(329,102,NULL,'2020-06-08 17:40:24',20.875),(330,103,NULL,'2020-06-08 17:40:24',53.2),(331,101,NULL,'2020-06-08 17:41:24',47.7),(332,102,NULL,'2020-06-08 17:41:25',20.875),(333,103,NULL,'2020-06-08 17:41:26',53.2),(334,101,NULL,'2020-06-08 17:42:26',47.9),(335,102,NULL,'2020-06-08 17:42:28',20.875),(336,103,NULL,'2020-06-08 17:42:28',53.1),(337,101,NULL,'2020-06-08 17:43:29',48.3),(338,102,NULL,'2020-06-08 17:43:30',20.875),(339,103,NULL,'2020-06-08 17:43:30',53.1),(340,101,NULL,'2020-06-08 17:44:31',48.2),(341,102,NULL,'2020-06-08 17:44:32',20.875),(342,103,NULL,'2020-06-08 17:44:32',53.2),(343,101,NULL,'2020-06-08 17:45:32',48.2),(344,102,NULL,'2020-06-08 17:45:33',20.812),(345,103,NULL,'2020-06-08 17:45:34',53.3),(346,101,NULL,'2020-06-08 17:46:34',47.9),(347,102,NULL,'2020-06-08 17:46:35',20.812),(348,103,NULL,'2020-06-08 17:46:35',53.2),(349,101,NULL,'2020-06-08 17:47:36',48),(350,102,NULL,'2020-06-08 17:47:37',20.812),(351,103,NULL,'2020-06-08 17:47:37',53.2),(352,101,NULL,'2020-06-08 17:48:37',47.2),(353,102,NULL,'2020-06-08 17:48:38',20.812),(354,103,NULL,'2020-06-08 17:48:39',53.2),(355,101,NULL,'2020-06-08 17:49:39',48.3),(356,102,NULL,'2020-06-08 17:49:40',20.812),(357,103,NULL,'2020-06-08 17:49:41',53.1),(358,101,NULL,'2020-06-08 17:50:41',47.7),(359,102,NULL,'2020-06-08 17:50:42',20.812),(360,103,NULL,'2020-06-08 17:50:42',53),(361,101,NULL,'2020-06-08 17:51:43',47.6),(362,102,NULL,'2020-06-08 17:51:44',20.812),(363,103,NULL,'2020-06-08 17:51:44',52.9),(364,101,NULL,'2020-06-08 17:55:01',46.8),(365,102,NULL,'2020-06-08 17:55:02',20.812),(366,103,NULL,'2020-06-08 17:55:03',52.9),(367,101,NULL,'2020-06-08 17:56:03',47),(368,102,NULL,'2020-06-08 17:56:04',20.812),(369,103,NULL,'2020-06-08 17:56:05',53.1),(370,101,NULL,'2020-06-08 17:56:41',47.2),(371,102,NULL,'2020-06-08 17:56:42',20.812),(372,103,NULL,'2020-06-08 17:56:42',53),(373,101,NULL,'2020-06-08 17:57:27',47.4),(374,102,NULL,'2020-06-08 17:57:28',20.812),(375,103,NULL,'2020-06-08 17:57:28',53),(376,101,NULL,'2020-06-08 19:45:18',60),(377,102,NULL,'2020-06-08 19:45:19',20.5),(378,103,NULL,'2020-06-08 19:45:20',53.1),(379,101,NULL,'2020-06-08 20:20:38',62.7),(380,102,NULL,'2020-06-08 20:20:39',21),(381,103,NULL,'2020-06-08 20:20:40',55),(382,101,NULL,'2020-06-09 09:40:58',58),(383,102,NULL,'2020-06-09 09:40:59',20.75),(384,103,NULL,'2020-06-09 09:40:59',62.8),(385,101,NULL,'2020-06-09 09:41:35',56.3),(386,102,NULL,'2020-06-09 09:41:36',20.75),(387,103,NULL,'2020-06-09 09:41:36',64.2),(388,101,NULL,'2020-06-09 09:42:35',58.7),(389,102,NULL,'2020-06-09 09:42:36',20.75),(390,103,NULL,'2020-06-09 09:42:37',64.2),(391,101,NULL,'2020-06-09 09:43:55',54.6),(392,102,NULL,'2020-06-09 09:43:56',20.75),(393,103,NULL,'2020-06-09 09:43:57',64.4),(394,101,NULL,'2020-06-09 09:45:29',54.9),(395,102,NULL,'2020-06-09 09:45:30',20.75),(396,103,NULL,'2020-06-09 09:45:31',64.5),(397,101,NULL,'2020-06-09 09:48:08',60.1),(398,102,NULL,'2020-06-09 09:48:09',20.812),(399,103,NULL,'2020-06-09 09:48:09',64.3),(400,101,NULL,'2020-06-09 09:49:16',54.8),(401,102,NULL,'2020-06-09 09:49:17',20.812),(402,103,NULL,'2020-06-09 09:49:18',64.2),(403,101,NULL,'2020-06-09 09:50:18',60.4),(404,102,NULL,'2020-06-09 09:50:19',20.812),(405,103,NULL,'2020-06-09 09:50:20',64.2),(406,101,NULL,'2020-06-09 09:51:20',59.8),(407,102,NULL,'2020-06-09 09:51:21',20.812),(408,103,NULL,'2020-06-09 09:51:21',64.3),(409,101,NULL,'2020-06-09 09:52:22',58.9),(410,102,NULL,'2020-06-09 09:52:23',20.812),(411,103,NULL,'2020-06-09 09:52:23',64.2),(412,101,NULL,'2020-06-09 09:53:23',56.6),(413,102,NULL,'2020-06-09 09:53:24',20.812),(414,103,NULL,'2020-06-09 09:53:25',64.2),(415,101,NULL,'2020-06-09 09:54:25',55.5),(416,102,NULL,'2020-06-09 09:54:26',20.875),(417,103,NULL,'2020-06-09 09:54:26',64.1),(418,101,NULL,'2020-06-09 09:55:27',55.2),(419,102,NULL,'2020-06-09 09:55:28',20.875),(420,103,NULL,'2020-06-09 09:55:28',64.2),(421,101,NULL,'2020-06-09 09:56:29',55.3),(422,102,NULL,'2020-06-09 09:56:30',20.875),(423,103,NULL,'2020-06-09 09:56:30',64.1),(424,101,NULL,'2020-06-09 09:57:30',58.1),(425,102,NULL,'2020-06-09 09:57:31',20.875),(426,103,NULL,'2020-06-09 09:57:32',64.2),(427,101,NULL,'2020-06-09 09:58:32',57.5),(428,102,NULL,'2020-06-09 09:58:33',20.875),(429,103,NULL,'2020-06-09 09:58:34',64.3),(430,101,NULL,'2020-06-09 10:06:12',50),(431,102,NULL,'2020-06-09 10:06:13',20.937),(432,103,NULL,'2020-06-09 10:06:13',62.7),(433,101,NULL,'2020-06-09 10:07:14',49.7),(434,102,NULL,'2020-06-09 10:07:15',20.937),(435,103,NULL,'2020-06-09 10:07:15',64),(436,101,NULL,'2020-06-09 10:08:15',50.4),(437,102,NULL,'2020-06-09 10:08:17',20.937),(438,103,NULL,'2020-06-09 10:08:17',63.9),(439,101,NULL,'2020-06-09 10:09:17',54.4),(440,102,NULL,'2020-06-09 10:09:18',20.937),(441,103,NULL,'2020-06-09 10:09:19',64),(442,101,NULL,'2020-06-09 10:14:06',53.1),(443,102,NULL,'2020-06-09 10:14:07',20.937),(444,103,NULL,'2020-06-09 10:14:07',63.9),(445,101,NULL,'2020-06-09 10:15:21',52.6),(446,102,NULL,'2020-06-09 10:15:22',20.937),(447,103,NULL,'2020-06-09 10:15:22',63.7),(448,101,NULL,'2020-06-09 10:15:51',51.1),(449,102,NULL,'2020-06-09 10:15:52',20.937),(450,103,NULL,'2020-06-09 10:15:53',63.7),(451,101,NULL,'2020-06-09 10:16:47',48.6),(452,102,NULL,'2020-06-09 10:16:48',20.937),(453,103,NULL,'2020-06-09 10:16:49',63.8),(454,101,NULL,'2020-06-09 10:17:14',53.3),(455,102,NULL,'2020-06-09 10:17:15',21),(456,103,NULL,'2020-06-09 10:17:16',63.9),(457,101,NULL,'2020-06-09 10:18:16',51.8),(458,101,NULL,'2020-06-09 10:18:30',51.2),(459,102,NULL,'2020-06-09 10:18:31',21),(460,103,NULL,'2020-06-09 10:18:31',63.7),(461,101,NULL,'2020-06-09 10:19:26',53.4),(462,102,NULL,'2020-06-09 10:19:27',21),(463,103,NULL,'2020-06-09 10:19:28',63.7),(464,101,NULL,'2020-06-09 10:20:18',51.7),(465,102,NULL,'2020-06-09 10:20:19',21),(466,103,NULL,'2020-06-09 10:20:19',63.5),(467,101,NULL,'2020-06-09 10:21:19',55.1),(468,102,NULL,'2020-06-09 10:21:21',21),(469,103,NULL,'2020-06-09 10:21:21',63.6),(470,101,NULL,'2020-06-09 10:22:21',53.8),(471,102,NULL,'2020-06-09 10:22:22',21),(472,103,NULL,'2020-06-09 10:22:23',63.6),(473,101,NULL,'2020-06-09 10:23:23',55),(474,102,NULL,'2020-06-09 10:23:24',21),(475,103,NULL,'2020-06-09 10:23:24',63.4),(476,101,NULL,'2020-06-09 10:24:25',54.1),(477,102,NULL,'2020-06-09 10:24:26',21),(478,103,NULL,'2020-06-09 10:24:26',63.4),(479,101,NULL,'2020-06-09 10:25:27',52),(480,102,NULL,'2020-06-09 10:25:28',21),(481,103,NULL,'2020-06-09 10:25:28',63.3),(482,101,NULL,'2020-06-09 10:26:28',54.4),(483,102,NULL,'2020-06-09 10:26:29',21),(484,103,NULL,'2020-06-09 10:26:30',63.4),(485,101,NULL,'2020-06-09 10:27:30',55.4),(486,102,NULL,'2020-06-09 10:27:31',21),(487,103,NULL,'2020-06-09 10:27:31',63.3),(488,101,NULL,'2020-06-09 10:28:32',49.6),(489,102,NULL,'2020-06-09 10:28:33',21),(490,103,NULL,'2020-06-09 10:28:33',63.3),(491,101,NULL,'2020-06-09 10:29:34',51.3),(492,102,NULL,'2020-06-09 10:29:35',21),(493,103,NULL,'2020-06-09 10:29:35',63.3),(494,101,NULL,'2020-06-09 10:30:35',47.9),(495,102,NULL,'2020-06-09 10:30:36',21),(496,103,NULL,'2020-06-09 10:30:37',63.3),(497,101,NULL,'2020-06-09 10:31:37',58.1),(498,102,NULL,'2020-06-09 10:31:38',21),(499,103,NULL,'2020-06-09 10:31:39',63.3),(500,101,NULL,'2020-06-09 10:32:39',58.8),(501,102,NULL,'2020-06-09 10:32:40',21),(502,103,NULL,'2020-06-09 10:32:40',58.4),(503,101,NULL,'2020-06-09 10:33:41',58.5),(504,102,NULL,'2020-06-09 10:33:42',21),(505,103,NULL,'2020-06-09 10:33:42',56.2),(506,101,NULL,'2020-06-09 10:34:42',62.3),(507,102,NULL,'2020-06-09 10:34:43',21),(508,103,NULL,'2020-06-09 10:34:44',54.2),(509,101,NULL,'2020-06-09 10:35:44',60.3),(510,102,NULL,'2020-06-09 10:35:45',21),(511,103,NULL,'2020-06-09 10:35:45',54.2),(512,101,NULL,'2020-06-09 10:36:09',62.5),(513,102,NULL,'2020-06-09 10:36:10',20.937),(514,103,NULL,'2020-06-09 10:36:10',54.1),(515,101,NULL,'2020-06-09 10:37:11',62),(516,102,NULL,'2020-06-09 10:37:12',20.937),(517,103,NULL,'2020-06-09 10:37:12',53.9),(518,101,NULL,'2020-06-09 10:38:12',59),(519,102,NULL,'2020-06-09 10:38:13',20.937),(520,103,NULL,'2020-06-09 10:38:14',53.5),(521,101,NULL,'2020-06-09 10:39:14',62.6),(522,102,NULL,'2020-06-09 10:39:15',20.937),(523,103,NULL,'2020-06-09 10:39:16',54.1),(524,101,NULL,'2020-06-09 10:40:16',60.2),(525,102,NULL,'2020-06-09 10:40:17',20.875),(526,103,NULL,'2020-06-09 10:40:17',54.6),(527,101,NULL,'2020-06-09 10:40:31',63),(528,102,NULL,'2020-06-09 10:40:33',20.937),(529,103,NULL,'2020-06-09 10:40:33',55.1),(530,101,NULL,'2020-06-09 10:41:33',59.1),(531,102,NULL,'2020-06-09 10:41:34',20.875),(532,103,NULL,'2020-06-09 10:41:35',55.1),(533,101,NULL,'2020-06-09 10:42:30',61.3),(534,102,NULL,'2020-06-09 10:42:31',20.875),(535,103,NULL,'2020-06-09 10:42:31',55.4),(536,101,NULL,'2020-06-09 10:42:56',59.3),(537,102,NULL,'2020-06-09 10:42:57',20.875),(538,103,NULL,'2020-06-09 10:42:57',55.7),(539,101,NULL,'2020-06-09 10:43:58',61.5),(540,102,NULL,'2020-06-09 10:43:59',20.875),(541,103,NULL,'2020-06-09 10:43:59',56.1),(542,101,NULL,'2020-06-09 10:44:40',62.6),(543,102,NULL,'2020-06-09 10:44:41',20.875),(544,103,NULL,'2020-06-09 10:44:41',56.2),(545,101,NULL,'2020-06-09 10:45:41',62),(546,102,NULL,'2020-06-09 10:45:42',20.875),(547,103,NULL,'2020-06-09 10:45:43',56.3),(548,101,NULL,'2020-06-09 10:46:43',59.8),(549,102,NULL,'2020-06-09 10:46:44',20.937),(550,103,NULL,'2020-06-09 10:46:45',56.6),(551,101,NULL,'2020-06-09 10:47:45',59.7),(552,102,NULL,'2020-06-09 10:47:46',20.875),(553,103,NULL,'2020-06-09 10:47:46',56.9),(554,101,NULL,'2020-06-09 10:48:50',58.6),(555,102,NULL,'2020-06-09 10:48:51',20.937),(556,103,NULL,'2020-06-09 10:48:51',56.9),(557,101,NULL,'2020-06-09 10:49:50',63.6),(558,102,NULL,'2020-06-09 10:49:51',20.875),(559,103,NULL,'2020-06-09 10:49:52',57.1),(560,101,NULL,'2020-06-09 10:50:52',64),(561,102,NULL,'2020-06-09 10:50:53',20.937),(562,103,NULL,'2020-06-09 10:50:53',57.3),(563,101,NULL,'2020-06-09 10:51:54',63.1),(564,102,NULL,'2020-06-09 10:51:55',20.937),(565,103,NULL,'2020-06-09 10:51:55',57.4),(566,101,NULL,'2020-06-09 10:53:09',63.8),(567,102,NULL,'2020-06-09 10:53:10',20.937),(568,103,NULL,'2020-06-09 10:53:11',57.4),(569,101,NULL,'2020-06-09 10:54:11',63.7),(570,102,NULL,'2020-06-09 10:54:12',20.937),(571,103,NULL,'2020-06-09 10:54:13',57.5),(572,101,NULL,'2020-06-09 10:54:57',64.2),(573,102,NULL,'2020-06-09 10:54:58',20.937),(574,103,NULL,'2020-06-09 10:54:59',57.5),(575,101,NULL,'2020-06-09 10:55:59',60.1),(576,102,NULL,'2020-06-09 10:56:00',20.937),(577,103,NULL,'2020-06-09 10:56:01',57.6),(578,101,NULL,'2020-06-09 10:57:01',59.1),(579,102,NULL,'2020-06-09 10:57:02',20.937),(580,103,NULL,'2020-06-09 10:57:02',57.7),(581,101,NULL,'2020-06-09 10:58:03',63.1),(582,102,NULL,'2020-06-09 10:58:04',20.937),(583,103,NULL,'2020-06-09 10:58:04',57.8),(584,101,NULL,'2020-06-09 14:36:08',48.3),(585,102,NULL,'2020-06-09 14:36:09',20.75),(586,103,NULL,'2020-06-09 14:36:09',55.7),(587,101,NULL,'2020-06-09 14:37:10',48.3),(588,102,NULL,'2020-06-09 14:37:11',20.812),(589,103,NULL,'2020-06-09 14:37:11',55.7),(590,101,NULL,'2020-06-09 14:38:11',48.4),(591,102,NULL,'2020-06-09 14:38:13',20.812),(592,103,NULL,'2020-06-09 14:38:13',55.7),(593,101,NULL,'2020-06-09 14:39:13',48.5),(594,102,NULL,'2020-06-09 14:39:14',20.812),(595,103,NULL,'2020-06-09 14:39:15',55.7),(596,101,NULL,'2020-06-09 14:40:15',48.8),(597,102,NULL,'2020-06-09 14:40:16',20.812),(598,103,NULL,'2020-06-09 14:40:16',55.7),(599,101,NULL,'2020-06-09 14:41:17',49.3),(600,102,NULL,'2020-06-09 14:41:18',20.812),(601,103,NULL,'2020-06-09 14:41:18',55.8),(602,101,NULL,'2020-06-09 14:42:18',48.8),(603,102,NULL,'2020-06-09 14:42:20',20.812),(604,103,NULL,'2020-06-09 14:42:20',55.8),(605,101,NULL,'2020-06-09 14:43:20',49),(606,102,NULL,'2020-06-09 14:43:21',20.812),(607,103,NULL,'2020-06-09 14:43:22',53.6),(608,101,NULL,'2020-06-09 14:44:22',48.9),(609,102,NULL,'2020-06-09 14:44:23',20.875),(610,103,NULL,'2020-06-09 14:44:23',53),(611,101,NULL,'2020-06-09 14:45:24',49.5),(612,102,NULL,'2020-06-09 14:45:25',20.875),(613,103,NULL,'2020-06-09 14:45:25',52.4),(614,101,NULL,'2020-06-09 14:53:30',51.3),(615,102,NULL,'2020-06-09 14:53:31',20.812),(616,103,NULL,'2020-06-09 14:53:31',52.2),(617,101,NULL,'2020-06-09 14:54:31',50.8),(618,102,NULL,'2020-06-09 14:54:33',20.812),(619,103,NULL,'2020-06-09 14:54:33',51.6),(620,101,NULL,'2020-06-09 14:55:15',50.7),(621,102,NULL,'2020-06-09 14:55:16',20.812),(622,103,NULL,'2020-06-09 14:55:16',51.1),(623,101,NULL,'2020-06-09 14:56:17',50.8),(624,102,NULL,'2020-06-09 14:56:18',20.812),(625,103,NULL,'2020-06-09 14:56:18',51),(626,101,NULL,'2020-06-09 14:57:18',50.7),(627,102,NULL,'2020-06-09 14:57:19',20.812),(628,103,NULL,'2020-06-09 14:57:20',51.2),(629,101,NULL,'2020-06-09 14:58:20',50.4),(630,102,NULL,'2020-06-09 14:58:21',20.812),(631,103,NULL,'2020-06-09 14:58:22',51.3),(632,101,NULL,'2020-06-09 14:59:22',50),(633,102,NULL,'2020-06-09 14:59:23',20.812),(634,103,NULL,'2020-06-09 14:59:23',51.2),(635,101,NULL,'2020-06-09 15:00:24',49.7),(636,102,NULL,'2020-06-09 15:00:25',20.812),(637,103,NULL,'2020-06-09 15:00:25',51.1),(638,101,NULL,'2020-06-09 15:01:25',49.5),(639,102,NULL,'2020-06-09 15:01:27',20.812),(640,103,NULL,'2020-06-09 15:01:27',51.2),(641,101,NULL,'2020-06-09 15:02:27',49.3),(642,102,NULL,'2020-06-09 15:02:28',20.812),(643,103,NULL,'2020-06-09 15:02:29',51),(644,101,NULL,'2020-06-09 15:03:29',49.3),(645,102,NULL,'2020-06-09 15:03:30',20.812),(646,103,NULL,'2020-06-09 15:03:30',51.2),(647,101,NULL,'2020-06-09 15:04:31',49.5),(648,102,NULL,'2020-06-09 15:04:32',20.812),(649,103,NULL,'2020-06-09 15:04:32',50.9),(650,101,NULL,'2020-06-09 15:05:32',49.4),(651,102,NULL,'2020-06-09 15:05:34',20.812),(652,103,NULL,'2020-06-09 15:05:34',50.9),(653,101,NULL,'2020-06-09 15:25:01',48.1),(654,102,NULL,'2020-06-09 15:25:02',20.75),(655,103,NULL,'2020-06-09 15:25:02',50.3),(656,101,NULL,'2020-06-09 15:26:02',48.8),(657,102,NULL,'2020-06-09 15:26:03',20.75),(658,103,NULL,'2020-06-09 15:26:04',49.9),(659,101,NULL,'2020-06-09 15:27:04',49.6),(660,102,NULL,'2020-06-09 15:27:05',20.75),(661,103,NULL,'2020-06-09 15:27:06',49.8),(662,101,NULL,'2020-06-09 15:28:06',50.8),(663,102,NULL,'2020-06-09 15:28:07',20.75),(664,103,NULL,'2020-06-09 15:28:07',50.1),(665,101,NULL,'2020-06-09 15:29:08',50.8),(666,102,NULL,'2020-06-09 15:29:09',20.75),(667,101,NULL,'2020-06-09 15:30:03',52.1),(668,102,NULL,'2020-06-09 15:30:04',20.75),(669,103,NULL,'2020-06-09 15:30:04',50.3),(670,101,NULL,'2020-06-09 15:31:03',59.6),(671,102,NULL,'2020-06-09 15:31:04',20.75),(672,103,NULL,'2020-06-09 15:31:04',50.5),(673,101,NULL,'2020-06-09 15:32:05',61.1),(674,102,NULL,'2020-06-09 15:32:06',20.75),(675,103,NULL,'2020-06-09 15:32:06',50),(676,101,NULL,'2020-06-09 15:33:07',62.8),(677,102,NULL,'2020-06-09 15:33:08',20.75),(678,103,NULL,'2020-06-09 15:33:08',50),(679,101,NULL,'2020-06-09 15:34:08',64.3),(680,102,NULL,'2020-06-09 15:34:09',20.75),(681,103,NULL,'2020-06-09 15:34:10',50.6),(682,101,NULL,'2020-06-09 15:35:10',67.8),(683,102,NULL,'2020-06-09 15:35:11',20.75),(684,103,NULL,'2020-06-09 15:35:12',50.3),(685,101,NULL,'2020-06-09 15:36:12',70.6),(686,102,NULL,'2020-06-09 15:36:13',20.812),(687,103,NULL,'2020-06-09 15:36:13',50.4),(688,101,NULL,'2020-06-09 16:32:07',59.9),(689,102,NULL,'2020-06-09 16:32:08',20.875),(690,103,NULL,'2020-06-09 16:32:08',50.5),(691,101,NULL,'2020-06-09 16:33:09',59.7),(692,102,NULL,'2020-06-09 16:33:10',20.875),(693,103,NULL,'2020-06-09 16:33:10',49),(694,101,NULL,'2020-06-09 16:34:10',59.6),(695,102,NULL,'2020-06-09 16:34:11',20.875),(696,103,NULL,'2020-06-09 16:34:12',49),(697,101,NULL,'2020-06-09 16:35:12',59.4),(698,102,NULL,'2020-06-09 16:35:13',20.875),(699,103,NULL,'2020-06-09 16:35:13',48.9),(700,101,NULL,'2020-06-09 16:36:14',59.4),(701,102,NULL,'2020-06-09 16:36:15',20.875),(702,103,NULL,'2020-06-09 16:36:15',48.7),(703,101,NULL,'2020-06-09 16:37:15',59.4),(704,102,NULL,'2020-06-09 16:37:17',20.875),(705,103,NULL,'2020-06-09 16:37:17',48.8),(706,101,NULL,'2020-06-09 16:38:17',59.1),(707,102,NULL,'2020-06-09 16:38:18',20.875),(708,103,NULL,'2020-06-09 16:38:19',48.6),(709,101,NULL,'2020-06-09 16:39:19',58.6),(710,102,NULL,'2020-06-09 16:39:20',20.875),(711,103,NULL,'2020-06-09 16:39:20',48.9),(712,101,NULL,'2020-06-09 16:40:21',58),(713,102,NULL,'2020-06-09 16:40:22',20.875),(714,103,NULL,'2020-06-09 16:40:22',48.8),(715,101,NULL,'2020-06-09 16:41:23',57.5),(716,102,NULL,'2020-06-09 16:41:24',20.875),(717,103,NULL,'2020-06-09 16:41:24',48.8),(718,101,NULL,'2020-06-09 16:42:24',57.2),(719,102,NULL,'2020-06-09 16:42:25',20.875),(720,103,NULL,'2020-06-09 16:42:26',48.7),(721,101,NULL,'2020-06-09 16:43:26',56.7),(722,102,NULL,'2020-06-09 16:43:27',20.875),(723,103,NULL,'2020-06-09 16:43:27',48.9),(724,101,NULL,'2020-06-09 16:44:28',56.4),(725,102,NULL,'2020-06-09 16:44:29',20.875),(726,103,NULL,'2020-06-09 16:44:29',49.1),(727,101,NULL,'2020-06-09 16:45:30',56.1),(728,102,NULL,'2020-06-09 16:45:31',20.875),(729,103,NULL,'2020-06-09 16:45:31',49.2),(730,101,NULL,'2020-06-09 16:46:31',56.2),(731,102,NULL,'2020-06-09 16:46:32',20.875),(732,103,NULL,'2020-06-09 16:46:33',49.3),(733,101,NULL,'2020-06-09 16:47:33',49.6),(734,102,NULL,'2020-06-09 16:47:34',20.937),(735,103,NULL,'2020-06-09 16:47:34',49.5),(736,101,NULL,'2020-06-09 16:48:35',50.2),(737,102,NULL,'2020-06-09 16:48:36',20.937),(738,103,NULL,'2020-06-09 16:48:36',49.6),(739,101,NULL,'2020-06-09 16:49:37',50.9),(740,102,NULL,'2020-06-09 16:49:38',20.937),(741,103,NULL,'2020-06-09 16:49:38',49.5),(742,101,NULL,'2020-06-09 16:50:38',51.3),(743,102,NULL,'2020-06-09 16:50:39',20.937),(744,103,NULL,'2020-06-09 16:50:40',49.4),(745,101,NULL,'2020-06-09 16:51:40',52),(746,102,NULL,'2020-06-09 16:51:41',20.937),(747,103,NULL,'2020-06-09 16:51:42',49.6),(748,101,NULL,'2020-06-09 16:52:42',53.2),(749,102,NULL,'2020-06-09 16:52:43',20.937),(750,103,NULL,'2020-06-09 16:52:43',49.4),(751,101,NULL,'2020-06-09 16:53:44',54.1),(752,102,NULL,'2020-06-09 16:53:45',20.937),(753,103,NULL,'2020-06-09 16:53:45',49),(754,101,NULL,'2020-06-09 16:54:45',55),(755,102,NULL,'2020-06-09 16:54:47',20.937),(756,103,NULL,'2020-06-09 16:54:47',49),(757,101,NULL,'2020-06-09 16:55:47',55.9),(758,102,NULL,'2020-06-09 16:55:48',20.937),(759,103,NULL,'2020-06-09 16:55:49',48.6),(760,101,NULL,'2020-06-09 16:56:49',56.7),(761,102,NULL,'2020-06-09 16:56:50',20.937),(762,103,NULL,'2020-06-09 16:56:50',48.8),(763,101,NULL,'2020-06-09 16:57:51',57.7),(764,102,NULL,'2020-06-09 16:57:52',20.937),(765,103,NULL,'2020-06-09 16:57:52',48.5),(766,101,NULL,'2020-06-09 16:58:52',58.3),(767,102,NULL,'2020-06-09 16:58:54',20.937),(768,103,NULL,'2020-06-09 16:58:54',48.7),(769,101,NULL,'2020-06-09 16:59:54',58.7),(770,102,NULL,'2020-06-09 16:59:55',20.937),(771,103,NULL,'2020-06-09 16:59:56',48.6),(772,101,NULL,'2020-06-09 17:00:56',59.3),(773,102,NULL,'2020-06-09 17:00:57',20.937),(774,103,NULL,'2020-06-09 17:00:57',48.7),(775,101,NULL,'2020-06-09 17:01:58',60.1),(776,102,NULL,'2020-06-09 17:01:59',20.937),(777,103,NULL,'2020-06-09 17:01:59',48.7),(778,101,NULL,'2020-06-09 17:03:00',61.4),(779,102,NULL,'2020-06-09 17:03:01',20.937),(780,103,NULL,'2020-06-09 17:03:01',48.8),(781,101,NULL,'2020-06-09 17:04:01',62.9),(782,102,NULL,'2020-06-09 17:04:02',20.937),(783,103,NULL,'2020-06-09 17:04:03',48.6),(784,101,NULL,'2020-06-09 17:05:03',63.9),(785,102,NULL,'2020-06-09 17:05:04',20.937),(786,103,NULL,'2020-06-09 17:05:04',48.7),(787,101,NULL,'2020-06-09 17:06:05',65.5),(788,102,NULL,'2020-06-09 17:06:06',20.937),(789,103,NULL,'2020-06-09 17:06:06',48.7),(790,101,NULL,'2020-06-09 17:07:06',66.9),(791,102,NULL,'2020-06-09 17:07:08',20.937),(792,103,NULL,'2020-06-09 17:07:08',48.8),(793,101,NULL,'2020-06-09 17:08:08',69),(794,102,NULL,'2020-06-09 17:08:09',20.937),(795,103,NULL,'2020-06-09 17:08:10',48.4),(796,101,NULL,'2020-06-09 17:09:10',77),(797,102,NULL,'2020-06-09 17:09:11',20.937),(798,103,NULL,'2020-06-09 17:09:12',48.1),(799,101,NULL,'2020-06-09 17:10:12',77),(800,102,NULL,'2020-06-09 17:10:13',20.937),(801,103,NULL,'2020-06-09 17:10:13',48.2),(802,101,NULL,'2020-06-09 17:11:14',78.9),(803,102,NULL,'2020-06-09 17:11:15',20.937),(804,103,NULL,'2020-06-09 17:11:15',47.9),(805,101,NULL,'2020-06-09 17:12:15',73.8),(806,102,NULL,'2020-06-09 17:12:17',20.937),(807,103,NULL,'2020-06-09 17:12:17',47.9),(808,101,NULL,'2020-06-09 17:13:17',74.9),(809,102,NULL,'2020-06-09 17:13:18',20.937),(810,103,NULL,'2020-06-09 17:13:19',48.2),(811,101,NULL,'2020-06-09 17:14:19',70.4),(812,102,NULL,'2020-06-09 17:14:20',20.937),(813,103,NULL,'2020-06-09 17:14:20',48),(814,101,NULL,'2020-06-09 17:15:21',64),(815,102,NULL,'2020-06-09 17:15:22',20.937),(816,103,NULL,'2020-06-09 17:15:22',47.8),(817,101,NULL,'2020-06-09 17:16:22',59.1),(818,102,NULL,'2020-06-09 17:16:23',20.937),(819,103,NULL,'2020-06-09 17:16:24',47.6),(820,101,NULL,'2020-06-09 17:17:24',56.8),(821,102,NULL,'2020-06-09 17:17:25',20.937),(822,103,NULL,'2020-06-09 17:17:26',47.9),(823,101,NULL,'2020-06-09 17:18:26',55.8),(824,102,NULL,'2020-06-09 17:18:27',20.937),(825,103,NULL,'2020-06-09 17:18:27',47.6),(826,101,NULL,'2020-06-09 17:19:28',55.4),(827,102,NULL,'2020-06-09 17:19:29',20.875),(828,103,NULL,'2020-06-09 17:19:29',47.3),(829,101,NULL,'2020-06-09 17:20:29',55.7),(830,102,NULL,'2020-06-09 17:20:31',20.875),(831,103,NULL,'2020-06-09 17:20:31',47.3),(832,101,NULL,'2020-06-09 17:21:31',56.1),(833,102,NULL,'2020-06-09 17:21:32',20.875),(834,103,NULL,'2020-06-09 17:21:33',47.3),(835,101,NULL,'2020-06-09 17:22:33',57.9),(836,102,NULL,'2020-06-09 17:22:34',20.875),(837,103,NULL,'2020-06-09 17:22:34',47.3),(838,101,NULL,'2020-06-09 17:23:35',60.1),(839,102,NULL,'2020-06-09 17:23:36',20.875),(840,103,NULL,'2020-06-09 17:23:36',47.2),(841,101,NULL,'2020-06-09 17:24:36',61),(842,102,NULL,'2020-06-09 17:24:38',20.875),(843,103,NULL,'2020-06-09 17:24:38',47.2),(844,101,NULL,'2020-06-09 17:25:38',61.9),(845,102,NULL,'2020-06-09 17:25:39',20.875),(846,103,NULL,'2020-06-09 17:25:40',47.3),(847,101,NULL,'2020-06-09 17:26:40',60.6),(848,102,NULL,'2020-06-09 17:26:41',20.875),(849,103,NULL,'2020-06-09 17:26:41',47.5),(850,101,NULL,'2020-06-09 17:27:42',59),(851,102,NULL,'2020-06-09 17:27:43',20.812),(852,103,NULL,'2020-06-09 17:27:43',47.8),(853,101,NULL,'2020-06-09 17:28:44',57.5),(854,102,NULL,'2020-06-09 17:28:45',20.812),(855,103,NULL,'2020-06-09 17:28:45',48.2),(856,101,NULL,'2020-06-09 17:29:45',56.6),(857,102,NULL,'2020-06-09 17:29:46',20.812),(858,103,NULL,'2020-06-09 17:29:47',48.1),(859,101,NULL,'2020-06-10 09:44:16',60.3),(860,102,NULL,'2020-06-10 09:44:17',20.25),(861,103,NULL,'2020-06-10 09:44:17',60.4),(862,101,NULL,'2020-06-10 09:45:17',63.5),(863,102,NULL,'2020-06-10 09:45:19',20.312),(864,103,NULL,'2020-06-10 09:45:19',61.9),(865,101,NULL,'2020-06-10 09:45:53',60.8),(866,102,NULL,'2020-06-10 09:45:54',20.312),(867,103,NULL,'2020-06-10 09:45:54',61.8),(868,101,NULL,'2020-06-10 10:30:04',46.3),(869,102,NULL,'2020-06-10 10:30:06',20.625),(870,103,NULL,'2020-06-10 10:30:06',61.8),(871,101,NULL,'2020-06-10 10:31:06',54),(872,102,NULL,'2020-06-10 10:31:07',20.625),(873,103,NULL,'2020-06-10 10:31:08',59.1),(874,101,NULL,'2020-06-10 10:32:08',43.4),(875,102,NULL,'2020-06-10 10:32:09',20.625),(876,103,NULL,'2020-06-10 10:32:10',59.1),(877,101,NULL,'2020-06-10 10:33:10',12.5),(878,102,NULL,'2020-06-10 10:33:11',20.625),(879,103,NULL,'2020-06-10 10:33:12',59.2),(880,101,NULL,'2020-06-10 10:34:12',42.8),(881,102,NULL,'2020-06-10 10:34:13',20.625),(882,103,NULL,'2020-06-10 10:34:13',59.8),(883,101,NULL,'2020-06-10 10:35:14',97.9),(884,102,NULL,'2020-06-10 10:35:15',20.625),(885,103,NULL,'2020-06-10 10:35:15',59.5),(886,101,NULL,'2020-06-10 10:43:07',41.8),(887,102,NULL,'2020-06-10 10:43:08',20.75),(888,103,NULL,'2020-06-10 10:43:08',59.5),(889,101,NULL,'2020-06-10 10:44:09',41.9),(890,102,NULL,'2020-06-10 10:44:10',20.75),(891,103,NULL,'2020-06-10 10:44:10',59.7),(892,101,NULL,'2020-06-10 10:45:10',42),(893,102,NULL,'2020-06-10 10:45:11',20.75),(894,103,NULL,'2020-06-10 10:45:12',59.7),(895,101,NULL,'2020-06-10 10:46:12',42),(896,102,NULL,'2020-06-10 10:46:13',20.75),(897,103,NULL,'2020-06-10 10:46:13',59.7),(898,101,NULL,'2020-06-10 10:47:14',41.6),(899,102,NULL,'2020-06-10 10:47:15',20.75),(900,103,NULL,'2020-06-10 10:47:15',59.7),(901,101,NULL,'2020-06-10 10:48:16',51.1),(902,102,NULL,'2020-06-10 10:48:17',20.75),(903,103,NULL,'2020-06-10 10:48:17',59.7),(904,101,NULL,'2020-06-10 10:49:29',51.1),(905,102,NULL,'2020-06-10 10:49:30',20.75),(906,103,NULL,'2020-06-10 10:49:31',59.7),(907,101,NULL,'2020-06-10 10:50:31',41.7),(908,102,NULL,'2020-06-10 10:50:32',20.812),(909,103,NULL,'2020-06-10 10:50:33',59.7),(910,101,NULL,'2020-06-10 10:51:33',51.1),(911,102,NULL,'2020-06-10 10:51:34',20.812),(912,103,NULL,'2020-06-10 10:51:34',59.7),(913,101,NULL,'2020-06-10 10:52:35',50.9),(914,102,NULL,'2020-06-10 10:52:36',20.812),(915,103,NULL,'2020-06-10 10:52:36',59.7),(916,101,NULL,'2020-06-10 10:53:37',50.8),(917,102,NULL,'2020-06-10 10:53:38',20.812),(918,103,NULL,'2020-06-10 10:53:38',59.7),(919,101,NULL,'2020-06-10 10:54:39',50.9),(920,102,NULL,'2020-06-10 10:54:40',20.812),(921,103,NULL,'2020-06-10 10:54:40',59.6),(922,101,NULL,'2020-06-10 10:55:40',41.9),(923,102,NULL,'2020-06-10 10:55:41',20.812),(924,103,NULL,'2020-06-10 10:55:42',59.7),(925,101,NULL,'2020-06-10 10:56:42',41.6),(926,102,NULL,'2020-06-10 10:56:43',20.812),(927,103,NULL,'2020-06-10 10:56:44',59.7),(928,101,NULL,'2020-06-10 10:57:44',41.7),(929,102,NULL,'2020-06-10 10:57:45',20.812),(930,103,NULL,'2020-06-10 10:57:45',59.7),(931,101,NULL,'2020-06-10 10:58:46',38.3),(932,102,NULL,'2020-06-10 10:58:47',20.875),(933,103,NULL,'2020-06-10 10:58:47',59.7),(934,101,NULL,'2020-06-10 10:59:47',40.9),(935,102,NULL,'2020-06-10 10:59:49',20.875),(936,103,NULL,'2020-06-10 10:59:49',59.7),(937,101,NULL,'2020-06-10 11:00:49',40.9),(938,102,NULL,'2020-06-10 11:00:50',20.875),(939,103,NULL,'2020-06-10 11:00:51',59.8),(940,101,NULL,'2020-06-10 11:05:48',49.6),(941,102,NULL,'2020-06-10 11:05:49',20.5),(942,103,NULL,'2020-06-10 11:05:50',59.8),(943,101,NULL,'2020-06-10 11:05:53',42),(944,101,NULL,'2020-06-10 11:05:59',41.8),(945,101,NULL,'2020-06-10 11:06:50',49.1),(946,102,NULL,'2020-06-10 11:06:51',20.437),(947,103,NULL,'2020-06-10 11:06:51',59.9),(948,101,NULL,'2020-06-10 11:07:06',49.4),(949,101,NULL,'2020-06-10 11:07:52',41.6),(950,102,NULL,'2020-06-10 11:07:53',20.437),(951,103,NULL,'2020-06-10 11:07:53',60),(952,101,NULL,'2020-06-10 16:31:42',39.2),(953,102,NULL,'2020-06-10 16:31:43',20.937),(954,103,NULL,'2020-06-10 16:31:43',52.1),(955,101,NULL,'2020-06-10 16:32:28',33.2),(956,101,NULL,'2020-06-10 16:32:47',32.9),(957,102,NULL,'2020-06-10 16:32:48',20.937),(958,103,NULL,'2020-06-10 16:32:49',50.1),(959,101,NULL,'2020-06-10 16:33:53',50.8),(960,102,NULL,'2020-06-10 16:33:54',20.937),(961,103,NULL,'2020-06-10 16:33:54',50.1),(962,101,NULL,'2020-06-10 16:34:44',37.7),(963,101,NULL,'2020-06-10 16:34:59',40.5),(964,102,NULL,'2020-06-10 16:35:00',20.937),(965,103,NULL,'2020-06-10 16:35:00',50.2),(966,101,NULL,'2020-06-10 20:13:20',51.8),(967,102,NULL,'2020-06-10 20:13:22',22.562),(968,103,NULL,'2020-06-10 20:13:22',46.8),(969,101,NULL,'2020-06-10 20:14:26',52.3),(970,102,NULL,'2020-06-10 20:14:27',22.437),(971,103,NULL,'2020-06-10 20:14:27',49.5),(972,101,NULL,'2020-06-10 20:14:51',49.3),(973,102,NULL,'2020-06-10 20:14:52',22.375),(974,103,NULL,'2020-06-10 20:14:53',49.9),(975,101,NULL,'2020-06-10 20:15:30',47),(976,101,NULL,'2020-06-10 20:15:57',55.5),(977,102,NULL,'2020-06-10 20:15:58',22.312),(978,103,NULL,'2020-06-10 20:15:59',50),(979,101,NULL,'2020-06-10 20:17:03',58),(980,102,NULL,'2020-06-10 20:17:04',22.25),(981,103,NULL,'2020-06-10 20:17:04',50.4),(982,101,NULL,'2020-06-10 20:18:09',56.5),(983,102,NULL,'2020-06-10 20:18:10',22.187),(984,103,NULL,'2020-06-10 20:18:10',50.6),(985,101,NULL,'2020-06-10 20:19:14',92.7),(986,102,NULL,'2020-06-10 20:19:16',22.062),(987,103,NULL,'2020-06-10 20:19:16',50.8),(988,101,NULL,'2020-06-10 20:20:20',51.4),(989,102,NULL,'2020-06-10 20:20:21',22),(990,103,NULL,'2020-06-10 20:20:22',51),(991,101,NULL,'2020-06-10 20:21:26',56.3),(992,102,NULL,'2020-06-10 20:21:27',21.937),(993,101,NULL,'2020-06-10 20:26:45',51.4),(994,102,NULL,'2020-06-10 20:26:46',21.75),(995,103,NULL,'2020-06-10 20:26:47',51.2),(996,101,NULL,'2020-06-11 09:10:19',63.9),(997,102,NULL,'2020-06-11 09:10:20',20.75),(998,103,NULL,'2020-06-11 09:10:21',63.3),(999,101,NULL,'2020-06-11 09:11:25',64.5),(1000,102,NULL,'2020-06-11 09:11:26',20.75),(1001,103,NULL,'2020-06-11 09:11:26',64.6),(1002,101,NULL,'2020-06-11 09:12:31',67.2),(1003,102,NULL,'2020-06-11 09:12:32',20.75),(1004,103,NULL,'2020-06-11 09:12:32',64.6),(1005,101,NULL,'2020-06-11 09:13:36',65.3),(1006,102,NULL,'2020-06-11 09:13:38',20.75),(1007,103,NULL,'2020-06-11 09:13:38',64.7),(1008,101,NULL,'2020-06-11 09:14:42',67),(1009,102,NULL,'2020-06-11 09:14:43',20.75),(1010,103,NULL,'2020-06-11 09:14:44',64.7),(1011,101,NULL,'2020-06-11 09:15:48',63.5),(1012,102,NULL,'2020-06-11 09:15:49',20.75),(1013,103,NULL,'2020-06-11 09:15:49',64.7),(1014,101,NULL,'2020-06-11 09:16:54',67.7),(1015,102,NULL,'2020-06-11 09:16:55',20.75),(1016,103,NULL,'2020-06-11 09:16:55',64.7),(1017,101,NULL,'2020-06-11 09:17:59',65.4),(1018,102,NULL,'2020-06-11 09:18:00',20.812),(1019,103,NULL,'2020-06-11 09:18:01',64.7),(1020,101,NULL,'2020-06-11 09:19:05',65.2),(1021,102,NULL,'2020-06-11 09:19:06',20.812),(1022,103,NULL,'2020-06-11 09:19:06',64.7),(1023,101,NULL,'2020-06-11 09:20:11',67.1),(1024,102,NULL,'2020-06-11 09:20:12',20.812),(1025,103,NULL,'2020-06-11 09:20:12',64.7),(1026,101,NULL,'2020-06-11 09:21:16',62.6),(1027,102,NULL,'2020-06-11 09:21:17',20.812),(1028,103,NULL,'2020-06-11 09:21:18',64.8),(1029,101,NULL,'2020-06-11 09:22:22',56.9),(1030,102,NULL,'2020-06-11 09:22:23',20.812),(1031,103,NULL,'2020-06-11 09:22:23',64.8),(1032,101,NULL,'2020-06-11 09:23:28',64.8),(1033,102,NULL,'2020-06-11 09:23:29',20.812),(1034,103,NULL,'2020-06-11 09:23:29',64.8),(1035,101,NULL,'2020-06-11 09:24:26',65.2),(1036,101,NULL,'2020-06-11 09:24:33',68.1),(1037,102,NULL,'2020-06-11 09:24:35',20.812),(1038,103,NULL,'2020-06-11 09:24:35',64.9),(1039,101,NULL,'2020-06-11 09:25:39',63),(1040,102,NULL,'2020-06-11 09:25:41',20.875),(1041,103,NULL,'2020-06-11 09:25:41',64.8),(1042,101,NULL,'2020-06-11 09:26:44',66.6),(1043,102,NULL,'2020-06-11 09:26:45',20.875),(1044,103,NULL,'2020-06-11 09:26:45',64.9),(1045,101,NULL,'2020-06-11 09:27:49',62.9),(1046,102,NULL,'2020-06-11 09:27:51',20.875),(1047,103,NULL,'2020-06-11 09:27:51',64.9),(1048,101,NULL,'2020-06-11 09:28:55',67.4),(1049,102,NULL,'2020-06-11 09:28:57',20.875),(1050,103,NULL,'2020-06-11 09:28:57',64.9),(1051,101,NULL,'2020-06-11 09:30:01',63.9),(1052,102,NULL,'2020-06-11 09:30:02',20.875),(1053,103,NULL,'2020-06-11 09:30:03',64.9),(1054,101,NULL,'2020-06-11 09:31:07',62.6),(1055,102,NULL,'2020-06-11 09:31:08',20.875),(1056,103,NULL,'2020-06-11 09:31:08',65),(1057,101,NULL,'2020-06-11 09:32:13',63.1),(1058,102,NULL,'2020-06-11 09:32:14',20.875),(1059,103,NULL,'2020-06-11 09:32:14',64.9),(1060,101,NULL,'2020-06-11 09:33:19',67.6),(1061,102,NULL,'2020-06-11 09:33:20',20.875),(1062,103,NULL,'2020-06-11 09:33:20',65),(1063,101,NULL,'2020-06-11 09:34:24',67.1),(1064,102,NULL,'2020-06-11 09:34:26',20.937),(1065,103,NULL,'2020-06-11 09:34:26',65),(1066,101,NULL,'2020-06-11 09:35:30',64.1),(1067,102,NULL,'2020-06-11 09:35:31',20.937),(1068,103,NULL,'2020-06-11 09:35:32',65),(1069,101,NULL,'2020-06-11 09:36:36',62.8),(1070,102,NULL,'2020-06-11 09:36:37',20.937),(1071,103,NULL,'2020-06-11 09:36:38',65),(1072,101,NULL,'2020-06-11 09:37:42',62.4),(1073,102,NULL,'2020-06-11 09:37:43',20.937),(1074,103,NULL,'2020-06-11 09:37:43',65),(1075,101,NULL,'2020-06-11 09:38:48',66.5),(1076,102,NULL,'2020-06-11 09:38:49',20.937),(1077,103,NULL,'2020-06-11 09:38:49',65.1),(1078,101,NULL,'2020-06-11 09:39:54',65.9),(1079,102,NULL,'2020-06-11 09:39:55',20.937),(1080,103,NULL,'2020-06-11 09:39:55',65.1),(1081,101,NULL,'2020-06-11 09:40:59',66.3),(1082,102,NULL,'2020-06-11 09:41:00',20.937),(1083,103,NULL,'2020-06-11 09:41:01',65.1),(1084,101,NULL,'2020-06-11 09:42:05',65),(1085,102,NULL,'2020-06-11 09:42:06',21),(1086,103,NULL,'2020-06-11 09:42:06',65.2),(1087,101,NULL,'2020-06-11 09:43:11',65.4),(1088,102,NULL,'2020-06-11 09:43:12',21),(1089,103,NULL,'2020-06-11 09:43:12',65.2),(1090,101,NULL,'2020-06-11 09:44:16',64.7),(1091,102,NULL,'2020-06-11 09:44:18',21),(1092,103,NULL,'2020-06-11 09:44:18',65.2),(1093,101,NULL,'2020-06-11 09:45:22',63.2),(1094,102,NULL,'2020-06-11 09:45:23',21),(1095,103,NULL,'2020-06-11 09:45:24',65.2),(1096,101,NULL,'2020-06-11 09:46:28',63.1),(1097,102,NULL,'2020-06-11 09:46:29',21),(1098,103,NULL,'2020-06-11 09:46:29',65.2),(1099,101,NULL,'2020-06-11 09:47:34',66.1),(1100,102,NULL,'2020-06-11 09:47:35',21),(1101,103,NULL,'2020-06-11 09:47:35',65.3),(1102,101,NULL,'2020-06-11 09:48:39',65.8),(1103,102,NULL,'2020-06-11 09:48:40',21),(1104,103,NULL,'2020-06-11 09:48:41',65.3),(1105,101,NULL,'2020-06-11 09:49:45',63.6),(1106,102,NULL,'2020-06-11 09:49:46',21),(1107,103,NULL,'2020-06-11 09:49:46',65.3),(1108,101,NULL,'2020-06-11 09:50:51',65.8),(1109,102,NULL,'2020-06-11 09:50:52',21),(1110,103,NULL,'2020-06-11 09:50:52',65.3),(1111,101,NULL,'2020-06-11 09:51:56',66.2),(1112,102,NULL,'2020-06-11 09:51:57',21.062),(1113,103,NULL,'2020-06-11 09:51:58',65.4),(1114,101,NULL,'2020-06-11 09:53:02',67.7),(1115,102,NULL,'2020-06-11 09:53:03',21.062),(1116,103,NULL,'2020-06-11 09:53:03',65.4),(1117,101,NULL,'2020-06-11 09:54:08',65.4),(1118,102,NULL,'2020-06-11 09:54:09',21.062),(1119,103,NULL,'2020-06-11 09:54:09',65.4),(1120,101,NULL,'2020-06-11 09:55:14',64.2),(1121,102,NULL,'2020-06-11 09:55:15',21.062),(1122,103,NULL,'2020-06-11 09:55:15',65.4),(1123,101,NULL,'2020-06-11 09:56:19',64.7),(1124,102,NULL,'2020-06-11 09:56:20',21.062),(1125,103,NULL,'2020-06-11 09:56:21',65.5),(1126,101,NULL,'2020-06-11 09:57:25',63.9),(1127,102,NULL,'2020-06-11 09:57:26',21.062),(1128,103,NULL,'2020-06-11 09:57:26',65.6),(1129,101,NULL,'2020-06-11 09:58:31',64.5),(1130,102,NULL,'2020-06-11 09:58:32',21.062),(1131,103,NULL,'2020-06-11 09:58:32',65.6),(1132,101,NULL,'2020-06-11 09:59:36',64.4),(1133,102,NULL,'2020-06-11 09:59:37',21.062),(1134,103,NULL,'2020-06-11 09:59:38',65.6),(1135,101,NULL,'2020-06-11 10:00:42',64.9),(1136,102,NULL,'2020-06-11 10:00:43',21.062),(1137,103,NULL,'2020-06-11 10:00:43',65.6),(1138,101,NULL,'2020-06-11 10:01:48',64.8),(1139,102,NULL,'2020-06-11 10:01:49',21.062),(1140,103,NULL,'2020-06-11 10:01:49',65.7),(1141,101,NULL,'2020-06-11 10:02:53',64.7),(1142,102,NULL,'2020-06-11 10:02:54',21.062),(1143,103,NULL,'2020-06-11 10:02:55',65.7),(1144,101,NULL,'2020-06-11 10:03:59',64.4),(1145,102,NULL,'2020-06-11 10:04:00',21.125),(1146,103,NULL,'2020-06-11 10:04:00',65.7),(1147,101,NULL,'2020-06-11 10:05:05',64.4),(1148,102,NULL,'2020-06-11 10:05:06',21.062),(1149,103,NULL,'2020-06-11 10:05:06',65.7),(1150,101,NULL,'2020-06-11 10:06:10',67.1),(1151,102,NULL,'2020-06-11 10:06:12',21.125),(1152,103,NULL,'2020-06-11 10:06:12',65.8),(1153,101,NULL,'2020-06-11 10:07:16',66.2),(1154,102,NULL,'2020-06-11 10:07:17',21.125),(1155,103,NULL,'2020-06-11 10:07:18',65.7),(1156,101,NULL,'2020-06-11 10:08:22',68),(1157,102,NULL,'2020-06-11 10:08:23',21.125),(1158,103,NULL,'2020-06-11 10:08:23',65.7),(1159,101,NULL,'2020-06-11 10:09:28',66.1),(1160,102,NULL,'2020-06-11 10:09:29',21.125),(1161,103,NULL,'2020-06-11 10:09:29',65.7),(1162,101,NULL,'2020-06-11 10:10:33',65.8),(1163,102,NULL,'2020-06-11 10:10:34',21.125),(1164,103,NULL,'2020-06-11 10:10:35',65.7),(1165,101,NULL,'2020-06-11 10:11:39',65.5),(1166,102,NULL,'2020-06-11 10:11:40',21.125),(1167,103,NULL,'2020-06-11 10:11:41',65.7),(1168,101,NULL,'2020-06-11 10:12:45',66.1),(1169,102,NULL,'2020-06-11 10:12:46',21.125),(1170,103,NULL,'2020-06-11 10:12:46',65.7),(1171,101,NULL,'2020-06-11 10:13:51',63.5),(1172,102,NULL,'2020-06-11 10:13:52',21.125),(1173,103,NULL,'2020-06-11 10:13:52',65.7),(1174,101,NULL,'2020-06-11 10:14:56',64),(1175,102,NULL,'2020-06-11 10:14:57',21.125),(1176,103,NULL,'2020-06-11 10:14:58',65.7),(1177,101,NULL,'2020-06-11 10:16:02',65.3),(1178,102,NULL,'2020-06-11 10:16:03',21.125),(1179,103,NULL,'2020-06-11 10:16:04',65.7),(1180,101,NULL,'2020-06-11 10:17:08',63),(1181,102,NULL,'2020-06-11 10:17:09',21.125),(1182,103,NULL,'2020-06-11 10:17:09',65.7),(1183,101,NULL,'2020-06-11 10:18:13',62.2),(1184,102,NULL,'2020-06-11 10:18:15',21.125),(1185,103,NULL,'2020-06-11 10:18:15',65.7),(1186,101,NULL,'2020-06-11 10:19:19',66.1),(1187,102,NULL,'2020-06-11 10:19:20',21.187),(1188,103,NULL,'2020-06-11 10:19:21',65.7),(1189,101,NULL,'2020-06-11 10:20:25',64.4),(1190,102,NULL,'2020-06-11 10:20:26',21.125),(1191,103,NULL,'2020-06-11 10:20:26',65.7),(1192,101,NULL,'2020-06-11 10:21:31',63.7),(1193,102,NULL,'2020-06-11 10:21:32',21.187),(1194,103,NULL,'2020-06-11 10:21:32',65.6),(1195,101,NULL,'2020-06-11 10:22:36',66.8),(1196,102,NULL,'2020-06-11 10:22:37',21.187),(1197,103,NULL,'2020-06-11 10:22:38',65.8),(1198,101,NULL,'2020-06-11 10:23:42',65.4),(1199,102,NULL,'2020-06-11 10:23:43',21.187),(1200,103,NULL,'2020-06-11 10:23:43',65.8),(1201,101,NULL,'2020-06-11 10:24:48',64.3),(1202,102,NULL,'2020-06-11 10:24:49',21.187),(1203,103,NULL,'2020-06-11 10:24:49',65.8),(1204,101,NULL,'2020-06-11 10:25:53',64.8),(1205,102,NULL,'2020-06-11 10:25:55',21.187),(1206,103,NULL,'2020-06-11 10:25:55',65.9),(1207,101,NULL,'2020-06-11 10:26:59',57.1),(1208,102,NULL,'2020-06-11 10:27:00',21.187),(1209,103,NULL,'2020-06-11 10:27:01',65.9),(1210,101,NULL,'2020-06-11 10:28:05',65.9),(1211,102,NULL,'2020-06-11 10:28:06',21.187),(1212,103,NULL,'2020-06-11 10:28:06',65.8),(1213,101,NULL,'2020-06-11 10:29:11',61.9),(1214,102,NULL,'2020-06-11 10:29:12',21.187),(1215,103,NULL,'2020-06-11 10:29:12',65.7),(1216,101,NULL,'2020-06-11 10:30:16',61.3),(1217,102,NULL,'2020-06-11 10:30:18',21.25),(1218,103,NULL,'2020-06-11 10:30:18',65.7),(1219,101,NULL,'2020-06-11 10:31:22',62.3),(1220,102,NULL,'2020-06-11 10:31:23',21.25),(1221,103,NULL,'2020-06-11 10:31:24',65.7),(1222,101,NULL,'2020-06-11 10:32:28',64.4),(1223,102,NULL,'2020-06-11 10:32:29',21.25),(1224,103,NULL,'2020-06-11 10:32:29',65.7),(1225,101,NULL,'2020-06-11 10:33:34',62.9),(1226,102,NULL,'2020-06-11 10:33:35',21.25),(1227,103,NULL,'2020-06-11 10:33:35',65.7),(1228,101,NULL,'2020-06-11 10:34:39',64.7),(1229,102,NULL,'2020-06-11 10:34:40',21.25),(1230,103,NULL,'2020-06-11 10:34:41',65.7),(1231,101,NULL,'2020-06-11 10:35:45',62),(1232,102,NULL,'2020-06-11 10:35:46',21.25),(1233,103,NULL,'2020-06-11 10:35:47',65.7),(1234,101,NULL,'2020-06-11 10:36:51',62.6),(1235,102,NULL,'2020-06-11 10:36:52',21.25),(1236,103,NULL,'2020-06-11 10:36:52',65.6),(1237,101,NULL,'2020-06-11 10:37:57',63.3),(1238,102,NULL,'2020-06-11 10:37:58',21.25),(1239,103,NULL,'2020-06-11 10:37:58',65.6),(1240,101,NULL,'2020-06-11 10:39:02',62.5),(1241,102,NULL,'2020-06-11 10:39:03',21.25),(1242,103,NULL,'2020-06-11 10:39:04',65.6),(1243,101,NULL,'2020-06-11 10:40:08',66.6),(1244,102,NULL,'2020-06-11 10:40:09',21.25),(1245,103,NULL,'2020-06-11 10:40:09',65.6),(1246,101,NULL,'2020-06-11 10:41:14',66.7),(1247,102,NULL,'2020-06-11 10:41:15',21.25),(1248,103,NULL,'2020-06-11 10:41:15',65.6),(1249,101,NULL,'2020-06-11 10:42:19',66.4),(1250,102,NULL,'2020-06-11 10:42:20',21.25),(1251,103,NULL,'2020-06-11 10:42:21',65.6),(1252,101,NULL,'2020-06-11 10:43:25',66),(1253,102,NULL,'2020-06-11 10:43:26',21.312),(1254,103,NULL,'2020-06-11 10:43:26',65.6),(1255,101,NULL,'2020-06-11 10:44:31',66.9),(1256,102,NULL,'2020-06-11 10:44:32',21.312),(1257,103,NULL,'2020-06-11 10:44:32',65.6),(1258,101,NULL,'2020-06-11 10:45:36',65),(1259,102,NULL,'2020-06-11 10:45:37',21.25),(1260,103,NULL,'2020-06-11 10:45:38',65.6),(1261,101,NULL,'2020-06-11 10:46:42',63),(1262,102,NULL,'2020-06-11 10:46:43',21.312),(1263,103,NULL,'2020-06-11 10:46:43',65.6),(1264,101,NULL,'2020-06-11 10:47:48',66.4),(1265,102,NULL,'2020-06-11 10:47:49',21.312),(1266,103,NULL,'2020-06-11 10:47:49',65.5),(1267,101,NULL,'2020-06-11 10:48:53',64.2),(1268,102,NULL,'2020-06-11 10:48:54',21.312),(1269,103,NULL,'2020-06-11 10:48:55',65.5),(1270,101,NULL,'2020-06-11 10:49:59',65),(1271,102,NULL,'2020-06-11 10:50:00',21.312),(1272,103,NULL,'2020-06-11 10:50:00',65.5),(1273,101,NULL,'2020-06-11 10:51:05',67.1),(1274,102,NULL,'2020-06-11 10:51:06',21.312),(1275,103,NULL,'2020-06-11 10:51:06',65.4),(1276,101,NULL,'2020-06-11 10:52:10',67.8),(1277,102,NULL,'2020-06-11 10:52:12',21.312),(1278,103,NULL,'2020-06-11 10:52:12',65.4),(1279,101,NULL,'2020-06-11 10:53:16',66.6),(1280,102,NULL,'2020-06-11 10:53:17',21.312),(1281,103,NULL,'2020-06-11 10:53:18',65.4),(1282,101,NULL,'2020-06-11 10:54:22',68.1),(1283,102,NULL,'2020-06-11 10:54:23',21.312),(1284,103,NULL,'2020-06-11 10:54:23',65.5),(1285,101,NULL,'2020-06-11 10:55:28',68.8),(1286,102,NULL,'2020-06-11 10:55:29',21.375),(1287,103,NULL,'2020-06-11 10:55:29',65.4),(1288,101,NULL,'2020-06-11 10:56:33',67.9),(1289,102,NULL,'2020-06-11 10:56:34',21.375),(1290,103,NULL,'2020-06-11 10:56:35',65.4),(1291,101,NULL,'2020-06-11 10:57:39',64.2),(1292,102,NULL,'2020-06-11 10:57:40',21.375),(1293,103,NULL,'2020-06-11 10:57:40',65.4),(1294,101,NULL,'2020-06-11 10:58:45',65.8),(1295,102,NULL,'2020-06-11 10:58:46',21.375),(1296,103,NULL,'2020-06-11 10:58:46',65.3),(1297,101,NULL,'2020-06-11 10:59:50',68.2),(1298,102,NULL,'2020-06-11 10:59:52',21.375),(1299,103,NULL,'2020-06-11 10:59:52',65.3),(1300,101,NULL,'2020-06-11 11:00:56',64.6),(1301,102,NULL,'2020-06-11 11:00:57',21.375),(1302,103,NULL,'2020-06-11 11:00:58',65.3),(1303,101,NULL,'2020-06-11 11:02:02',68.5),(1304,102,NULL,'2020-06-11 11:02:03',21.375),(1305,103,NULL,'2020-06-11 11:02:03',65.3),(1306,101,NULL,'2020-06-11 11:03:08',69.2),(1307,102,NULL,'2020-06-11 11:03:09',21.375),(1308,103,NULL,'2020-06-11 11:03:09',65.3),(1309,101,NULL,'2020-06-11 11:04:13',66),(1310,102,NULL,'2020-06-11 11:04:14',21.375),(1311,103,NULL,'2020-06-11 11:04:15',65.3),(1312,101,NULL,'2020-06-11 11:05:19',66.4),(1313,102,NULL,'2020-06-11 11:05:20',21.375),(1314,103,NULL,'2020-06-11 11:05:20',65.3),(1315,101,NULL,'2020-06-11 11:06:25',68.2),(1316,102,NULL,'2020-06-11 11:06:26',21.375),(1317,103,NULL,'2020-06-11 11:06:26',65.3),(1318,101,NULL,'2020-06-11 11:07:30',65.9),(1319,102,NULL,'2020-06-11 11:07:31',21.375),(1320,103,NULL,'2020-06-11 11:07:32',65.3),(1321,101,NULL,'2020-06-11 11:08:36',68.4),(1322,102,NULL,'2020-06-11 11:08:37',21.375),(1323,103,NULL,'2020-06-11 11:08:38',65.2),(1324,101,NULL,'2020-06-11 11:09:42',67.9),(1325,102,NULL,'2020-06-11 11:09:43',21.437),(1326,103,NULL,'2020-06-11 11:09:43',65.2),(1327,101,NULL,'2020-06-11 11:10:47',66.9),(1328,102,NULL,'2020-06-11 11:10:49',21.437),(1329,103,NULL,'2020-06-11 11:10:49',65.2),(1330,101,NULL,'2020-06-11 11:11:53',64.1),(1331,102,NULL,'2020-06-11 11:11:54',21.437),(1332,103,NULL,'2020-06-11 11:11:55',65.2),(1333,101,NULL,'2020-06-11 11:12:59',67.6),(1334,102,NULL,'2020-06-11 11:13:00',21.437),(1335,103,NULL,'2020-06-11 11:13:00',65.2),(1336,101,NULL,'2020-06-11 11:14:05',66.4),(1337,102,NULL,'2020-06-11 11:14:06',21.437),(1338,103,NULL,'2020-06-11 11:14:06',65.2),(1339,101,NULL,'2020-06-11 11:15:10',55.4),(1340,102,NULL,'2020-06-11 11:15:12',21.437),(1341,103,NULL,'2020-06-11 11:15:12',65.2),(1342,101,NULL,'2020-06-11 11:16:16',54.1),(1343,102,NULL,'2020-06-11 11:16:17',21.437),(1344,103,NULL,'2020-06-11 11:16:18',65.2),(1345,101,NULL,'2020-06-11 11:17:22',55.7),(1346,102,NULL,'2020-06-11 11:17:23',21.437),(1347,103,NULL,'2020-06-11 11:17:23',64.9),(1348,101,NULL,'2020-06-11 11:18:28',56.4),(1349,102,NULL,'2020-06-11 11:18:29',21.437),(1350,103,NULL,'2020-06-11 11:18:29',64.8),(1351,101,NULL,'2020-06-11 11:19:33',56.8),(1352,102,NULL,'2020-06-11 11:19:34',21.437),(1353,103,NULL,'2020-06-11 11:19:35',64.7),(1354,101,NULL,'2020-06-11 11:20:39',57.2),(1355,102,NULL,'2020-06-11 11:20:40',21.437),(1356,103,NULL,'2020-06-11 11:20:40',64.7),(1357,101,NULL,'2020-06-11 11:21:45',57.3),(1358,102,NULL,'2020-06-11 11:21:46',21.375),(1359,103,NULL,'2020-06-11 11:21:46',64.7),(1360,101,NULL,'2020-06-11 11:22:50',57.8),(1361,102,NULL,'2020-06-11 11:22:51',21.375),(1362,103,NULL,'2020-06-11 11:22:52',64.7),(1363,101,NULL,'2020-06-11 11:23:56',57.4),(1364,102,NULL,'2020-06-11 11:23:57',21.375),(1365,103,NULL,'2020-06-11 11:23:58',64.7),(1366,101,NULL,'2020-06-11 11:25:02',57.1),(1367,102,NULL,'2020-06-11 11:25:03',21.375),(1368,103,NULL,'2020-06-11 11:25:03',64.6),(1369,101,NULL,'2020-06-11 11:26:08',56.8),(1370,102,NULL,'2020-06-11 11:26:09',21.375),(1371,103,NULL,'2020-06-11 11:26:09',64.7),(1372,101,NULL,'2020-06-11 11:27:13',56.6),(1373,102,NULL,'2020-06-11 11:27:14',21.312),(1374,103,NULL,'2020-06-11 11:27:15',64.7),(1375,101,NULL,'2020-06-11 11:28:19',56.8),(1376,102,NULL,'2020-06-11 11:28:20',21.312),(1377,103,NULL,'2020-06-11 11:28:20',64.7),(1378,101,NULL,'2020-06-11 11:29:25',56.8),(1379,102,NULL,'2020-06-11 11:29:26',21.312),(1380,103,NULL,'2020-06-11 11:29:26',64.8),(1381,101,NULL,'2020-06-11 11:30:30',57),(1382,102,NULL,'2020-06-11 11:30:31',21.312),(1383,103,NULL,'2020-06-11 11:30:32',64.8),(1384,101,NULL,'2020-06-11 11:31:36',57),(1385,102,NULL,'2020-06-11 11:31:37',21.312),(1386,103,NULL,'2020-06-11 11:31:37',64.8),(1387,101,NULL,'2020-06-11 11:32:42',57),(1388,102,NULL,'2020-06-11 11:32:43',21.312),(1389,103,NULL,'2020-06-11 11:32:43',64.8),(1390,101,NULL,'2020-06-11 11:33:47',57.2),(1391,102,NULL,'2020-06-11 11:33:49',21.25),(1392,103,NULL,'2020-06-11 11:33:49',64.8),(1393,101,NULL,'2020-06-11 11:34:53',57.5),(1394,102,NULL,'2020-06-11 11:34:54',21.25),(1395,103,NULL,'2020-06-11 11:34:55',64.8),(1396,101,NULL,'2020-06-11 11:35:59',57),(1397,102,NULL,'2020-06-11 11:36:00',21.25),(1398,103,NULL,'2020-06-11 11:36:00',64.8),(1399,101,NULL,'2020-06-11 11:37:05',58.4),(1400,102,NULL,'2020-06-11 11:37:06',21.25),(1401,103,NULL,'2020-06-11 11:37:06',64.8),(1402,101,NULL,'2020-06-11 11:38:10',58.6),(1403,102,NULL,'2020-06-11 11:38:11',21.25),(1404,103,NULL,'2020-06-11 11:38:12',64.8),(1405,101,NULL,'2020-06-11 11:39:16',59.1),(1406,102,NULL,'2020-06-11 11:39:17',21.25),(1407,103,NULL,'2020-06-11 11:39:17',64.8),(1408,101,NULL,'2020-06-11 11:40:22',57.8),(1409,102,NULL,'2020-06-11 11:40:23',21.25),(1410,103,NULL,'2020-06-11 11:40:23',64.8),(1411,101,NULL,'2020-06-11 11:41:27',58.7),(1412,102,NULL,'2020-06-11 11:41:29',21.25),(1413,103,NULL,'2020-06-11 11:41:29',64.8),(1414,101,NULL,'2020-06-11 12:13:33',59.8),(1415,102,NULL,'2020-06-11 12:13:34',21.25),(1416,103,NULL,'2020-06-11 12:13:35',63.4),(1417,101,NULL,'2020-06-11 12:15:40',59.5),(1418,102,NULL,'2020-06-11 12:15:41',21.25),(1419,103,NULL,'2020-06-11 12:15:42',62.7),(1420,101,NULL,'2020-06-11 12:18:12',58.6),(1421,101,NULL,'2020-06-11 12:18:56',58.2),(1422,102,NULL,'2020-06-11 12:18:57',21.25),(1423,103,NULL,'2020-06-11 12:18:58',64),(1424,101,NULL,'2020-06-11 12:20:02',58),(1425,102,NULL,'2020-06-11 12:20:03',21.25),(1426,103,NULL,'2020-06-11 12:20:04',63.9),(1427,101,NULL,'2020-06-11 12:21:08',56.8),(1428,102,NULL,'2020-06-11 12:21:09',22.125),(1429,103,NULL,'2020-06-11 12:21:09',63.9),(1430,101,NULL,'2020-06-11 12:19:57',70.2),(1431,102,NULL,'2020-06-11 12:19:58',21.687),(1432,103,NULL,'2020-06-11 12:19:58',60.6),(1433,101,NULL,'2020-06-11 14:49:08',68.1),(1434,102,NULL,'2020-06-11 14:49:09',21.75),(1435,103,NULL,'2020-06-11 14:49:09',62),(1436,101,NULL,'2020-06-11 14:50:14',72.6),(1437,102,NULL,'2020-06-11 14:50:15',21.75),(1438,103,NULL,'2020-06-11 14:50:15',62),(1439,101,NULL,'2020-06-11 14:51:19',71.9),(1440,102,NULL,'2020-06-11 14:51:20',21.75),(1441,103,NULL,'2020-06-11 14:51:21',62),(1442,101,NULL,'2020-06-11 14:52:25',75.2),(1443,102,NULL,'2020-06-11 14:52:26',21.75),(1444,103,NULL,'2020-06-11 14:52:27',62),(1445,101,NULL,'2020-06-11 14:53:31',75.7),(1446,102,NULL,'2020-06-11 14:53:32',21.75),(1447,103,NULL,'2020-06-11 14:53:32',62),(1448,101,NULL,'2020-06-11 14:54:37',73.7),(1449,102,NULL,'2020-06-11 14:54:38',21.75),(1450,103,NULL,'2020-06-11 14:54:38',62),(1451,101,NULL,'2020-06-11 14:55:42',72.9),(1452,102,NULL,'2020-06-11 14:55:43',21.75),(1453,103,NULL,'2020-06-11 14:55:44',62),(1454,101,NULL,'2020-06-11 14:56:48',75.2),(1455,102,NULL,'2020-06-11 14:56:49',21.812),(1456,103,NULL,'2020-06-11 14:56:49',62),(1457,101,NULL,'2020-06-11 14:57:54',71.4),(1458,102,NULL,'2020-06-11 14:57:55',21.812),(1459,103,NULL,'2020-06-11 14:57:55',61.9),(1460,101,NULL,'2020-06-11 14:58:59',72.5),(1461,102,NULL,'2020-06-11 14:59:00',21.812),(1462,103,NULL,'2020-06-11 14:59:01',61.9),(1463,101,NULL,'2020-06-11 15:00:05',72.8),(1464,102,NULL,'2020-06-11 15:00:06',21.812),(1465,103,NULL,'2020-06-11 15:00:06',62),(1466,101,NULL,'2020-06-11 15:01:11',72.8),(1467,102,NULL,'2020-06-11 15:01:12',21.812),(1468,103,NULL,'2020-06-11 15:01:12',62),(1469,101,NULL,'2020-06-11 15:02:16',71.4),(1470,102,NULL,'2020-06-11 15:02:18',21.812),(1471,103,NULL,'2020-06-11 15:02:18',62),(1472,101,NULL,'2020-06-11 15:03:22',70.7),(1473,102,NULL,'2020-06-11 15:03:23',21.812),(1474,103,NULL,'2020-06-11 15:03:24',61.9),(1475,101,NULL,'2020-06-11 15:04:28',70.7),(1476,102,NULL,'2020-06-11 15:04:29',21.875),(1477,103,NULL,'2020-06-11 15:04:29',61.9),(1478,101,NULL,'2020-06-11 15:05:34',72),(1479,102,NULL,'2020-06-11 15:05:35',21.875),(1480,103,NULL,'2020-06-11 15:05:35',61.9),(1481,101,NULL,'2020-06-11 15:06:39',71.4),(1482,102,NULL,'2020-06-11 15:06:40',21.875),(1483,103,NULL,'2020-06-11 15:06:41',61.9),(1484,101,NULL,'2020-06-11 15:07:45',72.4),(1485,102,NULL,'2020-06-11 15:07:46',21.875),(1486,103,NULL,'2020-06-11 15:07:46',61.9),(1487,101,NULL,'2020-06-11 15:08:51',71.1),(1488,102,NULL,'2020-06-11 15:08:52',21.875),(1489,103,NULL,'2020-06-11 15:08:52',62),(1490,101,NULL,'2020-06-11 15:09:56',71.8),(1491,102,NULL,'2020-06-11 15:09:57',21.937),(1492,103,NULL,'2020-06-11 15:09:58',61.9),(1493,101,NULL,'2020-06-11 15:11:02',69.1),(1494,102,NULL,'2020-06-11 15:11:03',21.937),(1495,103,NULL,'2020-06-11 15:11:03',61.9),(1496,101,NULL,'2020-06-11 15:12:08',69.1),(1497,102,NULL,'2020-06-11 15:12:09',21.937),(1498,103,NULL,'2020-06-11 15:12:09',61.9),(1499,101,NULL,'2020-06-11 15:13:13',72.3),(1500,102,NULL,'2020-06-11 15:13:14',21.937),(1501,103,NULL,'2020-06-11 15:13:15',61.9),(1502,101,NULL,'2020-06-11 15:14:19',70.4),(1503,102,NULL,'2020-06-11 15:14:20',21.937),(1504,103,NULL,'2020-06-11 15:14:21',61.9),(1505,101,NULL,'2020-06-11 15:15:25',72),(1506,102,NULL,'2020-06-11 15:15:26',21.937),(1507,103,NULL,'2020-06-11 15:15:26',61.9),(1508,101,NULL,'2020-06-11 15:16:31',71.3),(1509,102,NULL,'2020-06-11 15:16:32',21.937),(1510,103,NULL,'2020-06-11 15:16:32',61.9),(1511,101,NULL,'2020-06-11 15:17:36',68.9),(1512,102,NULL,'2020-06-11 15:17:37',21.937),(1513,103,NULL,'2020-06-11 15:17:38',61.9),(1514,101,NULL,'2020-06-11 15:18:42',70.4),(1515,102,NULL,'2020-06-11 15:18:43',22),(1516,103,NULL,'2020-06-11 15:18:44',61.9),(1517,101,NULL,'2020-06-11 15:19:48',70),(1518,102,NULL,'2020-06-11 15:19:49',21.937),(1519,103,NULL,'2020-06-11 15:19:49',61.9),(1520,101,NULL,'2020-06-11 15:20:54',71.7),(1521,102,NULL,'2020-06-11 15:20:55',22),(1522,103,NULL,'2020-06-11 15:20:55',61.9),(1523,101,NULL,'2020-06-11 15:21:59',72.2),(1524,102,NULL,'2020-06-11 15:22:00',22),(1525,103,NULL,'2020-06-11 15:22:01',61.9),(1526,101,NULL,'2020-06-11 15:23:05',71.9),(1527,102,NULL,'2020-06-11 15:23:06',22),(1528,103,NULL,'2020-06-11 15:23:06',61.9),(1529,101,NULL,'2020-06-11 15:24:11',70.7),(1530,102,NULL,'2020-06-11 15:24:12',22),(1531,103,NULL,'2020-06-11 15:24:12',61.9),(1532,101,NULL,'2020-06-11 15:25:16',72),(1533,102,NULL,'2020-06-11 15:25:17',22),(1534,103,NULL,'2020-06-11 15:25:18',62),(1535,101,NULL,'2020-06-11 15:26:22',72.3),(1536,102,NULL,'2020-06-11 15:26:23',22),(1537,103,NULL,'2020-06-11 15:26:23',62),(1538,101,NULL,'2020-06-11 15:27:28',72.3),(1539,102,NULL,'2020-06-11 15:27:29',22),(1540,103,NULL,'2020-06-11 15:27:29',62),(1541,101,NULL,'2020-06-11 15:28:33',72.6),(1542,102,NULL,'2020-06-11 15:28:34',22),(1543,103,NULL,'2020-06-11 15:28:35',62),(1544,101,NULL,'2020-06-11 15:29:39',71.4),(1545,102,NULL,'2020-06-11 15:29:40',22),(1546,103,NULL,'2020-06-11 15:29:41',62),(1547,101,NULL,'2020-06-11 15:30:45',74.1),(1548,102,NULL,'2020-06-11 15:30:46',22),(1549,103,NULL,'2020-06-11 15:30:46',61.9);
/*!40000 ALTER TABLE `inlezingen` ENABLE KEYS */;
UNLOCK TABLES;

--
-- Table structure for table `sensors`
--

DROP TABLE IF EXISTS `sensors`;
/*!40101 SET @saved_cs_client     = @@character_set_client */;
/*!40101 SET character_set_client = utf8 */;
CREATE TABLE `sensors` (
  `sensorID` int(11) NOT NULL AUTO_INCREMENT,
  `name` varchar(45) NOT NULL,
  `beschrijving` varchar(200) DEFAULT NULL,
  `eenheid` varchar(20) NOT NULL,
  PRIMARY KEY (`sensorID`),
  UNIQUE KEY `sensorID_UNIQUE` (`sensorID`)
) ENGINE=InnoDB AUTO_INCREMENT=104 DEFAULT CHARSET=utf8;
/*!40101 SET character_set_client = @saved_cs_client */;

--
-- Dumping data for table `sensors`
--

LOCK TABLES `sensors` WRITE;
/*!40000 ALTER TABLE `sensors` DISABLE KEYS */;
INSERT INTO `sensors` VALUES (101,'LDR','lichtsensor met MCP','%'),(102,'DS18B20','temperatuur sensor','C'),(103,'dht22','vochtigheid deel van dht22','%');
/*!40000 ALTER TABLE `sensors` ENABLE KEYS */;
UNLOCK TABLES;
/*!40103 SET TIME_ZONE=@OLD_TIME_ZONE */;

/*!40101 SET SQL_MODE=@OLD_SQL_MODE */;
/*!40014 SET FOREIGN_KEY_CHECKS=@OLD_FOREIGN_KEY_CHECKS */;
/*!40014 SET UNIQUE_CHECKS=@OLD_UNIQUE_CHECKS */;
/*!40101 SET CHARACTER_SET_CLIENT=@OLD_CHARACTER_SET_CLIENT */;
/*!40101 SET CHARACTER_SET_RESULTS=@OLD_CHARACTER_SET_RESULTS */;
/*!40101 SET COLLATION_CONNECTION=@OLD_COLLATION_CONNECTION */;
/*!40111 SET SQL_NOTES=@OLD_SQL_NOTES */;

-- Dump completed on 2020-06-11 15:31:11
